sepal length (cm),sepal width (cm),petal length (cm),petal width (cm),target
5.291572822024998,3.3842773166153948,1.5714605027233417,0.315408670842826,0
4.860068516957912,3.625992826536314,1.3539163698208116,0.30336991621531206,0
5.098458014474656,3.442758763523228,1.3061964024105581,0.33884342671596923,0
5.20652836475382,3.155733094311403,1.166837466828837,0.23791089827512057,0
5.482787965549143,3.8835702076406786,1.5282541694685965,0.3045082717253995,0
4.5380942845573,2.901730078409272,1.42268420833306,0.20384505511134132,0
5.381928493708828,3.825724122898836,1.638045178499545,0.3325473501838483,0
5.193993199087894,3.539073497755412,1.4165105074588826,0.16335586913623046,0
4.962407933323085,3.764856905974515,1.6244027403832582,0.054242056601711885,0
4.790699444794391,3.574243689951846,1.1949991644401479,0.27631862509377125,0
4.661300150672285,2.866985894021055,1.2454725199286871,0.2470889804977957,0
5.122415727513629,3.2866870607720933,1.315426985534205,0.27292327187462206,0
4.828063575637176,3.7487817221393014,1.5138903416973029,0.24557874611643526,0
5.294947101550399,3.7492567650256485,1.6566678716919636,0.2911453379732888,0
5.38133095649629,3.930922748861936,1.341154270710887,0.30228596376927286,0
4.66686231157148,3.04615410801212,1.512007222938811,0.22421447616993406,0
5.406811440090203,3.889724091220877,1.6083728690894286,0.18450125609536427,0
5.008824517521072,3.1570697785473345,1.4361986068858994,0.24558219153914385,0
4.238342216135636,2.7075337673708493,1.3580813652819792,0.021329981130903786,0
5.149423576642355,3.634323882847149,1.5944357119141928,0.2837401698586942,0
4.714939825508729,2.7327214874528702,1.3926487473460711,0.07638217071135345,0
5.087761656349087,3.470433909696411,1.5643037548671255,0.3162430440871593,0
5.5955538294315295,3.921822805139878,1.321414556162674,0.36763001605863244,0
5.3804527498155865,3.7650826190842612,1.607428786940635,0.26576717557750795,0
4.895880783497552,3.1110392616313134,1.5082331396810957,0.1029667882221943,0
4.5795780988691535,3.084617913362513,1.463582050272346,0.15727954044414494,0
5.002369009523214,3.9917515832923485,1.0957439698496216,0.20750711594139615,0
4.991723848355379,3.6046661434483362,1.488794861014092,0.22417635244805734,0
4.739467632485887,3.5687517697631552,1.2060748912860362,0.1005252676113011,0
5.414970657720758,4.0026294897489,1.6100604363493263,0.28085259753591163,0
5.007450721244826,3.5237169700699655,1.27716158161238,0.12000812259075566,0
4.53257518047422,2.8935296002666626,1.5047050132709292,0.4007187574246093,0
5.107625533991104,3.1644450080925024,1.5462383995375117,0.27332269358553185,0
4.797255374200938,3.275729893119912,1.43471391914321,0.07692119735002145,0
4.703904545204803,3.3867076827642926,1.645589564396774,0.3180776843883888,0
5.059354678877055,3.245772831501176,1.0369575292441198,0.17741116904521892,0
5.204845024479394,3.8911454354697304,1.4244537531102974,0.285830961579999,0
5.30166596188129,3.324138753961663,1.4472252674133324,0.18090030669470303,0
4.775702188720853,3.053492992776363,1.6191365066065968,0.32380275124667435,0
5.734014072123459,3.972220395377448,1.7154844306867023,0.4243326797722978,0
4.631980481569399,3.0430465419874038,1.4841391112008284,0.18703695800938047,0
4.916938732206496,3.489667352955159,1.4790139102327808,0.2848700868402225,0
5.434689765443457,3.6179601011468203,1.6333227773597185,0.24787510086290632,0
5.275181027166155,3.4953438792281015,1.5779947375673733,0.3099385948244463,0
4.4539033519592195,2.9623681978846625,1.395269779299864,0.17025405402768357,0
5.215029719202394,3.7913502858978703,1.509745192955279,0.4713763077415637,0
4.885405821293117,3.370278098978619,1.451052422702047,0.3122622134132562,0
4.6990391897571415,3.3853797130922794,1.3114332268195392,0.01992377327108885,0
4.688404268218865,2.8700227785491395,1.2877164648065538,0.2715906079753485,0
5.286886392618287,3.839493661085014,1.5031108699740034,0.2536358840399412,0
4.999443969228946,3.3387351600913258,1.5353571270678277,0.29647286147183904,0
4.643141185062661,3.8895748136810515,1.517358100534541,0.2374672741184326,0
5.666483519830382,4.17684540919083,1.9449526499285783,0.3903782735948186,0
5.303244302797314,3.275409264818467,1.6540922531915285,0.36688189687300343,0
4.963619399566756,3.4827323297246506,1.4599307385195588,0.1989968441508454,0
4.690410009442285,3.224489964168962,1.2296309203908664,0.25478574199102266,0
4.519643716592192,2.9816589095106587,1.1909089926746192,0.08311069639435398,0
5.256909702881087,3.4485567263902284,1.4844705838571293,0.18561863846704751,0
4.96778321793968,3.6036863938796326,1.2013544312940794,0.31970958560486373,0
4.743323797708528,3.3894466846110216,1.818899857154178,0.29062860968876514,0
5.277888760438985,3.260003328588871,1.44712999943724,0.30858785215622087,0
4.350514431943106,3.2163914889159995,0.8869996209518747,0.24315959649132612,0
4.908956003199044,3.5672799638573673,1.4389553994368742,0.25533747038796806,0
5.60932333108226,4.016685812633893,1.618277827819869,0.28230975106269185,0
4.975445619806164,3.006256550404108,1.5305687932234826,0.1201866087567729,0
5.32989965502857,3.7951571800833523,1.7739808474744374,0.21821185342434724,0
5.286757413933146,3.293646623911619,1.7950555785969768,0.2441404267945554,0
5.40987511219172,4.183767988021692,1.6370786050329245,0.29102315262486,0
4.905794450888806,3.5017761749904164,1.8085536705831777,0.3070810041561236,0
4.8095001181679855,3.083294933228983,1.6241070092454746,0.2808962032845198,0
4.478579766908276,2.7136601253392882,1.1520048302524626,0.3002833576507563,0
4.860998586139841,3.2301109424949423,1.4069958470745947,0.16712635890556493,0
4.894385682639522,3.329771993459123,1.5300944458657906,0.26216802602982636,0
4.401033843232096,2.9464407109740836,1.5928651255263073,0.21213917469690968,0
5.021638289260016,3.6017658822851457,1.576443421870132,0.07092726244151781,0
5.006868747466077,3.833847952355959,1.3024171792444919,0.19706322852592706,0
5.171537251256384,4.3428286632786595,1.3194107599362401,0.2819393099123665,0
4.446355747516062,3.384095202573372,1.1802138472635484,0.08263323354305863,0
4.806514675211936,3.41667315024318,1.4147163987538676,0.32034201326258605,0
5.032645921588996,3.3778746494674747,1.3502303541334704,0.3475597010635193,0
5.182672196601937,3.6919969485481836,1.656094858675813,0.08663858220944376,0
4.817129129088002,3.592542798508032,1.474610193345741,0.2227228803805501,0
4.8087247857148405,3.4231017494211655,1.2114464942363243,0.23926939512708434,0
5.212292670827694,3.3107796608632234,1.7413432884306226,0.16353834756550856,0
4.882699493558401,2.862388241069279,1.388436343229229,0.2535014245844235,0
4.8645520709371315,3.6249078979323293,1.4991389772055737,0.273884633630883,0
4.735326764948855,3.48700029248338,1.7218376471327828,0.1923744598632775,0
5.200868937449632,4.068141136443173,1.198217749969853,0.3532486535458804,0
5.052394185855585,3.6777718706154237,1.361854988912413,0.3020486391409378,0
4.64498631559691,3.2082966274455442,1.0458921431865922,0.092601949967966,0
5.215841070131137,3.619536167129351,1.305296185105874,0.15194242348413778,0
5.079811209510047,3.6870801917435605,1.2092865281160528,0.33259237193940927,0
4.71713369696873,3.206793743707513,1.337330248708298,0.277700475511209,0
5.028249448664222,3.661409320397632,1.2224547604630676,0.4791542302533085,0
4.87182680774006,3.0756172180411667,1.5584302202155547,0.11060440654215764,0
4.29426882037207,2.727929967400032,1.9306356571611571,0.24137078923806932,0
5.083602922911477,3.5237687850522073,1.088548501988404,0.08071828493751854,0
4.794366408499144,3.190854218738348,1.6580608272664321,0.3401060876113977,0
5.2092328105257995,3.6665783880325504,1.6228663685553109,0.44491458452870924,0
5.283131846246342,3.623048121784632,1.4250675831763937,0.4345465731757958,0
4.972405451085883,2.9912508142849683,1.6427830749459695,0.43264323944151584,0
4.504498618380058,2.8445309166830035,1.321020097656909,0.1484240366326226,0
5.868383387325927,3.652901558384844,1.598219139525709,0.24063461401280117,0
5.3687039619342345,3.3537758063931093,1.464458594391802,0.16762158777418668,0
5.537166891353432,4.088108744804009,1.2025379008345891,0.12166895751097351,0
4.412236531685994,2.9646125061143467,1.1495769079824316,0.06748692913667642,0
5.005611934865776,2.8628833021909044,1.342263505883519,0.2877991406047037,0
5.560155040280585,4.031766847858401,1.2632360790929127,0.24178139103488228,0
4.704489117932839,3.1363762412010345,1.1485065008416324,0.27673141441145144,0
4.888687597380604,3.6463114590373094,1.3936246039285254,0.243028403611792,0
5.7460651902621045,3.797529850917831,1.5920469470268306,0.2284232801607834,0
5.107332947048873,3.748439653244901,1.7924517633030441,0.4764303962156199,0
4.952187433878537,3.0973987008849595,1.4575254239278066,0.4054632396699426,0
4.421887655475269,2.3296824979088684,1.2754672545899406,0.06594008133626184,0
5.174281431566963,3.4228118855525667,1.2828425808318213,0.07963398206746564,0
4.959057702338993,3.2125321581413155,1.6435153630158164,0.2777362220687818,0
5.495027841344314,3.6751301458393115,1.6471737468616938,0.2406885108453677,0
4.855883326287602,3.111552170903747,1.5830187862808405,0.22377858110086046,0
5.750676976693158,3.906961774245658,1.6970683388886934,0.28820066191248817,0
4.642977695828886,3.131152408646401,1.581431369972055,0.37024060635573286,0
5.01149848127241,3.782452344897987,1.6926554252232515,0.18470905430069995,0
4.592877160230165,3.084535017703634,1.4288871648374202,0.13421814509209318,0
4.879271546588214,3.2800825881975095,1.5015465899501295,0.3088978830728737,0
5.236238447136106,3.5116240099245393,1.7589449450770525,0.29281930555471913,0
5.1342707995624615,2.9836140634498705,1.1759712021452344,0.2424816329163546,0
4.843846073960066,2.9975314773730415,1.5810815465718222,0.2045159346064136,0
4.861335505571876,3.484636043004479,1.243969599700073,0.26277946770183114,0
5.000403618150762,3.1278580333581267,1.3225186706588463,0.2583340076992626,0
5.25013561051296,3.79595055319397,1.6688186028875123,0.336176618340822,0
4.986678874955713,3.4695308074255586,1.5504052151653696,0.40900941453928175,0
4.475618427515326,3.008265213377455,1.416587550552431,0.15224864533282445,0
4.259629583917333,2.4348594263449606,1.5873334533342471,0.2393319765189721,0
5.215703050637612,3.4298516857095582,1.3274405327940912,0.1293904641763164,0
5.658919886291499,4.0388950407247,1.765388006830502,0.30529027661433095,0
5.15243500952698,3.6945398180684714,1.6016484370286967,0.27063803325781277,0
4.902096966529593,3.1489003600433025,1.6797868127732904,0.29483260612261,0
5.269137092947598,4.1140966621299295,1.6105564234019178,0.31601760239368426,0
4.765297018137827,2.9735086108042403,1.4068010594773157,0.23319280589956015,0
5.333879812851294,3.58376032269748,1.688170306743583,0.2877759144642531,0
4.541355693984258,2.8862633239028237,1.236171787848741,0.23088832591355712,0
5.102831824070028,3.4017817337049703,1.6022725013471026,0.14029529495848703,0
5.726811945653637,4.117239992961307,1.6174518013027481,0.20350614716404003,0
5.400851025608814,3.452607893824735,1.6003538112476927,0.5102640618536443,0
4.6617061591853,2.968544311777118,1.4053551999059928,0.22541001403834482,0
4.56185315953037,3.277418673765288,1.6922780783707503,0.27247216705417954,0
4.922422143002463,3.502631693756546,1.5465412879753426,0.41856301133548146,0
5.322532403733851,3.9388640056949287,1.3949197413302081,0.3430071243955163,0
5.634865770442354,3.8604793545487754,1.4771419579147347,0.3381380569277027,0
5.001885702628667,3.8504452803005775,1.6341092831575272,0.21955114687119381,0
5.061395987355857,3.2827889743193457,1.7331217309530316,0.2716001656651231,0
4.604910041542314,3.221622396447904,1.3821958856490442,0.20029396208971129,0
4.6455817184320365,3.107396962727541,1.4518888832609664,0.3198151588435023,0
5.220930325901921,3.6961010047999223,1.2466069431719728,0.44177699487118116,0
5.286598271377659,3.4640077799161992,1.376906271208477,0.09569701099031014,0
5.6503822912004855,4.230172172722245,1.497076035123961,0.36651915906484334,0
4.803451378918201,2.8755384995147137,1.5716261178652795,0.22382406566980573,0
5.44689700747083,3.786962584619182,1.0936322007850898,0.39308582262510616,0
5.157865011642095,3.3105477636594567,1.1781853165310756,0.29327811595197306,0
5.014860437690558,3.3303199170121722,1.4170057839857049,0.3225867014521855,0
5.141424903862541,3.6925621513362845,1.5424350882159912,0.3385762297909418,0
5.227079307325108,3.3122263680579884,1.5932610703361,0.25659081147318585,0
4.526123641419629,2.8951754918494315,1.3518476516074522,0.29680297743920303,0
5.113862261519522,3.736254295473962,1.5241350323413618,0.3952084770809885,0
5.021123029566095,3.343822279975872,1.5443804279558568,0.06929572605168088,0
4.940489672666257,3.333505467472322,1.8229446094616675,0.507492468670523,0
5.199774990910821,3.7221341586786507,1.430087840303886,0.2744222769247293,0
5.01920884578109,3.293296412976638,1.6315854202638493,0.22582637035512132,0
4.978769215190726,2.999507173713938,1.449755859376765,0.2540610761438822,0
4.607530399003498,3.1666126684304294,1.364987743314964,0.20618640901876495,0
4.404723476185483,2.780085441450048,1.3700882089876334,0.3509088490120982,0
4.625849104270609,3.0999602324204547,1.556300695216895,0.2507302034258394,0
4.977584549489494,3.683342792204282,1.2217769682267008,0.3108797246219107,0
4.985517058175118,3.8712918000140326,1.680268675174005,0.17010747858317843,0
5.819701989077718,4.064906539218453,1.3206083102200354,0.28507359334485916,0
4.026573354286817,2.5365691505538503,1.299698140720142,0.17225221109962896,0
5.8814261852896506,4.373764115474092,1.6920943541589661,0.22234852471534983,0
5.152445197440511,3.6210220504727255,1.2609088824631018,0.11310369322937852,0
5.61746165061802,3.4214460685712447,1.2296445154146847,0.1739639181209771,0
4.942940373809136,3.1098839695581932,1.574455251819189,0.2477029205483986,0
4.917848282808809,2.7756488658918985,1.3123594545472836,0.1961592289034788,0
4.653432445013323,2.853413962508469,1.33313643380902,0.12198402573411427,0
5.092643984080789,3.169513857115752,1.4714031546696948,0.13418567057197395,0
5.45605180767166,3.794441652817518,1.544683973961099,0.3524756951775,0
5.4997812687775065,3.6954640992893975,1.5250116939471452,0.27459036777516455,0
4.918223684393615,3.657575693500825,1.6831914018649878,0.39277310335722115,0
4.852967243719204,3.227426168465013,1.5362337569631555,0.31788347802983896,0
5.644377134637492,4.152995911909347,1.5666028671691623,0.42596814118904824,0
5.220259156684954,4.147832011966791,1.4965982769229194,0.3880012053562163,0
4.658991806752805,2.843194816868812,1.7820704549444542,0.26660071003297525,0
5.615240295188286,3.926030109553502,1.6253627705437657,0.3150511112846869,0
5.191317739494715,3.177179041863257,1.5002760033812463,0.26982013860298626,0
5.042891370342103,3.765067430170072,1.648090374408436,0.29548278791759464,0
4.928091223310452,3.2511248466595584,1.6513636392486046,0.32056907496586706,0
5.402660060450927,3.15648731185932,1.7045294610205644,0.42589396263168255,0
4.96272443290973,3.407607980898437,1.478488483854211,0.2129187664255534,0
4.704836634573536,2.85045722071232,1.5208333592764212,0.24500868544317056,0
5.434193476872933,3.978722237604486,1.6880275109941492,0.22336802319289661,0
4.5967940233987425,2.9510306858210837,1.4057576704486885,0.15535690585200324,0
4.7422630735656695,3.2645902749429627,1.1232056450746692,0.031913610933984815,0
4.867960851701702,3.1795666378547662,1.8548380776206768,0.4144605414517739,0
4.9836488147741305,3.4906016283227363,1.4450953011320253,0.38082210554305207,0
5.2117282834311895,3.4310999216342193,1.3778325736364696,0.23782326616519334,0
4.789984525362766,3.324566513875982,1.44967428389179,0.33636006812569386,0
4.650348289242551,3.0027036375011256,1.309550446686508,0.09182995794190218,0
5.283346856068166,3.6514660360450892,1.5574536897711164,0.3681974065658017,0
4.7328384084421815,3.3402936325042925,1.3588694314084608,0.1606019385117654,0
5.212615982967394,3.3577405828864038,1.6078307811073094,0.29777246667574386,0
4.78296045728272,3.3958183943639773,1.6450752636349453,0.2817560014988686,0
4.896546147297631,3.226087753985242,1.4490709216126971,0.2902367215868722,0
4.482714911512833,2.573015290763038,1.2681966730518828,0.3042536660135412,0
5.30484332314939,3.4798521985287865,1.6525904353294978,0.18340112453874857,0
5.165859107633673,3.057146757990234,1.363600229132505,0.15860834806457147,0
4.481774978191728,3.034233939722413,1.7302142133532725,0.23132899322637657,0
5.159730670298219,3.159326225090143,1.495694188603549,0.24943283394849114,0
5.547539581957146,3.748577289093488,1.4856340513433506,0.44779274691395676,0
4.6794613517229235,3.1350283843716342,1.4161929093144265,0.2671958434223938,0
4.411370497361254,2.886698942789379,1.5005632101881403,0.22921968914037405,0
4.647866320059724,2.694855512102239,1.6037614615531472,0.273105496147546,0
4.791611370888656,4.086151587220113,1.5534897037423212,0.3127850222695535,0
4.805643497714083,3.5114501466531567,1.2597727949765356,0.27008695601400523,0
5.578037062833475,3.8917533790180805,1.4606898589528496,0.30825506461531604,0
5.040983252069195,3.6955795734896038,1.618452674971175,0.21182206646700197,0
5.05505210795313,3.720392745116539,1.5253435012687429,0.2869079802625687,0
5.084635214542134,3.373899411674145,1.3318523340143513,0.15346741081107385,0
4.80973323419378,4.0420596402677536,1.7701861905598109,0.3850038767240883,0
4.5220430013240165,2.9083426640520353,1.4853855110273813,0.32072076281180917,0
5.424345146245642,3.616000147820264,1.3951828322111122,0.3490766118123123,0
5.727131482763845,4.504642487998025,1.776025941184986,0.3859531801592698,0
5.435692592225314,3.7147498462945996,1.4978679731697988,0.19044145074990504,0
5.41802093948453,3.483433617758258,1.4281186078444543,0.23857972435887542,0
4.540093237655109,2.8333990613050455,1.4668991216586322,0.14833752701414094,0
5.427371006135832,4.139880641979483,1.8459094537894516,0.30992130250027927,0
4.549552667582988,2.8027587507129827,1.6710983651973064,0.211590561244954,0
4.6801760452765215,3.236612020334189,1.296495539749818,0.3885084204738145,0
5.242374441015226,3.803362220336678,1.4853415136655115,0.20463253529551406,0
5.032955339017775,3.081147597689759,1.297305817737759,0.3703787930180107,0
5.414643632282125,3.599800015858609,1.64154759728989,0.3497493778265538,0
4.562385720851666,2.929211801146039,1.3308521414167105,0.3900089572815082,0
5.438208712884025,3.099862480741402,1.4868272279580586,0.3552000116202033,0
5.085772542997164,3.5854462529322473,1.504804129959329,0.0655167826346843,0
4.853063044418064,3.1372186665489474,1.3455567086265314,0.16542241559258186,0
5.66732365341684,4.21838887037306,1.4170398822342727,0.23119861342136294,0
4.888974836288465,3.5074857168024947,1.3274092777490898,0.29873030856156924,0
4.94395312718504,2.951377166529006,1.7482097244988641,0.07242463940153154,0
4.797468970288395,3.442305467558642,1.5947801262954933,0.42192757865838404,0
4.954895959050916,3.0160074567874355,1.7256813754646836,0.38970584247510287,0
5.360094988808912,3.635189851840563,1.3482422470895785,0.3139240745751325,0
5.000321921146333,3.6691890105178446,1.3566358867557513,0.1683612003362127,0
5.409549276152617,3.9272245741896326,1.5695084667823118,0.3243326303592927,0
4.883456133656381,3.7835437205777347,1.3815379957826646,0.3743339823255746,0
4.843293935422383,2.5805993299860663,1.3732193471766663,0.13799707717363763,0
5.488113864949239,3.5143987519949245,1.7155125807012541,0.16445537110131436,0
4.632270896968642,2.531084420636902,1.2824203961695906,0.2546525146999369,0
4.465359833591823,2.835090154162146,1.6034292857105612,0.3502305843203477,0
4.500583490068793,2.8621655129948524,1.2407825638869063,0.05150059041160304,0
5.201710464265645,3.6413096413715516,1.4649846369633517,0.14813867120593782,0
5.408413416376513,3.2690316631541245,1.2907296723629589,0.15677992944721542,0
4.812977096057795,3.4545463574626254,1.6420555753812303,0.22743745281394956,0
5.203358227829626,3.8044082238051278,1.6689614980735716,0.4357372658250839,0
4.993636552918114,3.589759521491976,1.4512541903614333,0.1639877010742805,0
4.443341736710904,3.0233449441707254,1.3301352973999152,0.3868475910362147,0
5.126914398874894,3.275658858411712,1.5493562997698898,0.26300071069584885,0
5.1227807437768975,3.383746759689637,1.4498323880952948,0.32739617304504876,0
4.867264586278627,3.510689750379924,1.6203955269975934,0.2845487926529283,0
4.973964736806364,3.513299374239473,1.5165913442797874,0.036671836423924686,0
4.640403743618236,2.739744550418296,1.5184233837868142,0.16666296377971213,0
4.893232471086243,3.73035452848229,1.3856522664613875,0.135885719838726,0
4.829848393200817,3.40197041722389,1.354521058447522,0.32097395562280695,0
4.7389905675249,3.38905697329092,1.183787904627819,0.261224647743607,0
5.387482674220054,3.5524714559586625,1.4415255789347405,0.44340871374590896,0
4.865391930221151,3.5321396584894384,1.1523524034708146,0.22532078528410937,0
4.792239313076061,3.123157445193192,1.3056587859431947,0.09699575216869105,0
4.504067358504995,2.5878196906101163,1.586089192305936,0.22085566249121047,0
5.0289357719212155,3.667410713987846,1.4735371770181889,0.3250984772151023,0
5.030806175237611,3.7065427443159447,1.681864777660126,0.3215044672673355,0
4.973426300229978,3.182788955244222,1.4176307095030802,0.21073578164237206,0
4.881673119423354,3.1636779960265144,1.6216167242165982,0.2330832896496956,0
4.67097486779611,2.9855133402451948,1.410365972424246,0.13807172266349999,0
5.3004317385478865,3.618439772271052,1.590386854822571,0.3229582435529057,0
5.1135378323735985,3.509734630200454,1.4141519412846262,0.44915694674320905,0
5.1242708931224925,3.698501437166992,1.2223730094925562,0.23744754566455628,0
4.7910152579704,3.390400191859579,1.333329774214207,0.2710686258256493,0
4.519847319639789,2.5233005560320763,1.2331297408735806,0.10310690693381597,0
5.010311607135004,3.423597418803212,1.5306200175470828,0.30437114171770274,0
5.2344578506847075,3.489352651862107,1.3955777483586624,0.1167471889863505,0
5.32587421800307,3.6410414938249973,1.7747798215105473,0.381444088785459,0
5.314379615485579,3.651673878585232,1.5876920466432085,0.5683465847641822,0
4.979648579310304,3.728305361670175,1.480529989716827,0.3204205406130305,0
5.341863713260386,3.395950477743503,1.3923530782514395,0.20347989314983894,0
4.895072766512969,3.4447445526538685,1.5127776287118722,0.1788652470114811,0
5.457824747812304,3.6854944942271866,1.6924264018200215,0.4560525892491357,0
4.9607611679841375,3.6302959220107867,1.4007958600591213,0.19791629535312505,0
4.231075077075407,3.438214463384163,1.1370768979804091,0.1644330335984645,0
4.2859838753712935,2.639226395457534,1.1317082283634594,0.04027257203778878,0
5.2229506005625606,4.014787085571712,1.7166742814032068,0.3524526671539021,0
4.96453564202549,3.4534489745811543,1.2739780803800533,0.31651247423340734,0
4.103824090132081,2.486188287782725,1.1839460872823357,0.1177472609251895,0
4.915821914557197,3.3310016755668377,1.1622021938395042,-0.011129736986893901,0
4.8992964191440205,3.055012093019853,1.4789075135662628,0.07250417337702375,0
4.894113863175763,3.6196231620610124,1.5042871982555188,0.33316404122581733,0
4.751936619702486,2.925932672237477,1.597671407820056,0.2801909987274037,0
5.120469843947694,3.723274918608519,1.5438144077109852,0.4791912740411125,0
5.289748927285085,3.6169899205251856,1.163802487038513,0.3286112285244952,0
4.77990169089764,3.2679000400597564,1.4303118101107524,0.28200838089018776,0
4.893363514201624,3.3073812913989036,1.776024179488315,0.2977426516552214,0
4.865533199073977,3.1738856945993477,1.4086088665034282,0.22777007706947816,0
4.6507981653508494,3.165997039810455,1.4482764959136882,0.22046116888100498,0
4.304192707169976,3.109827178186935,1.3553611138287742,0.13441617838057307,0
4.682730799229631,2.871891018924907,1.4497550934334162,0.30288046449033934,0
5.348166354297724,3.6050659010318435,1.5732136692228247,0.33458803128289205,0
4.9808415346058235,3.426164716764021,1.6623197680950965,0.3222679736539842,0
4.534120538388321,3.334348169096988,1.3184710224424565,0.2904746029595352,0
4.844462250237825,3.245514402412617,1.40967723350593,0.12570196553294588,0
4.887417848257842,3.320161249588888,1.336263016281391,0.11934215641470902,0
5.322850223866254,3.5320991935104735,1.4973872084391155,0.20496182190265289,0
4.699879677081515,2.7561107243107497,1.6728048252404482,0.43792302209010026,0
5.077324390994014,3.3499990390400196,1.510925036896054,0.16742351332021466,0
4.524172228561316,2.895176234736584,1.322132362251363,0.10863313345226278,0
5.3969358581498765,3.3752045818192196,1.5736961017360862,0.2469425211001891,0
5.300675725054259,4.2200042303752365,1.5369800629754042,0.2623308780612823,0
5.149452322673444,3.4987364781294747,1.4819872638164133,0.3060530046754266,0
4.955243282749492,3.236335743245442,1.5554496475711161,0.24242431760084526,0
5.404366416269374,3.5847405044590337,1.5599352358698773,0.23716375794787314,0
4.783387901428128,3.294776786499069,1.345748143401189,0.18311294872862516,0
4.85300487686949,2.9426863167040906,1.447658617031593,0.13499886926579707,0
4.568000122838107,3.169141201419711,1.544313920552609,0.30486338578722316,0
4.897222803762684,3.2833113390979833,1.2547054678923932,0.2426784043448098,0
5.034715249520918,3.3579244305105,1.1522356881905327,0.15634068653561628,0
4.909455303440782,3.403024514864102,1.2946714477020658,0.07040328820754271,0
5.193252690121715,3.9264615172412736,1.59019628405962,0.29712370337529337,0
5.582811720110433,4.121526524046878,1.5240171140534144,0.1839166867162274,0
4.80515117124256,3.1176183934680624,1.3198976892099519,0.25044320743333215,0
4.546248945305804,2.9574469341058274,1.446195835085117,0.19360408842235088,0
4.743053104239394,3.18474881160243,1.6963777647225018,0.34509636694590495,0
5.040851164134686,3.39461327257336,1.5492524761426507,0.14607659840297593,0
5.113516680969082,2.9959254733299256,1.5117483757918277,0.23895269834246746,0
5.242554310469256,3.711881875752905,1.3546083321873392,0.21230923998538254,0
4.844957712204773,3.293481273041988,1.5565304269629974,0.12020595324451855,0
5.655984439016005,4.143735508720597,1.7854196018378121,0.39414095488629197,0
4.807350828731003,3.1059682378030042,1.6724360081193863,0.23274183845493623,0
4.781487180446334,2.933097816408119,1.451978653319344,0.23299134464076443,0
5.300917526835155,3.574952878113564,1.506625353691525,0.3431015355852848,0
5.003747045873124,3.484573284107862,1.6505319188680314,0.3478558316081981,0
4.909290508160251,2.956990994232002,1.7497321002506672,0.28697800460528566,0
5.143896581151722,3.637011182167919,1.5151334697648555,0.27067295383294754,0
4.695132266989152,3.486603266811122,1.562873165791792,0.1762659361238288,0
5.099068534175719,3.927744939621779,1.375447284841202,0.1475322733376665,0
5.242545389910835,4.125681609481638,1.4465082039290058,0.4488281149469291,0
4.500011589358021,3.5580562492046566,1.0387359161677008,0.1154471122966072,0
4.534993699625632,3.0809078983583427,1.4626216129035567,0.1825011195556332,0
4.952718794080799,3.549544907357791,1.7360685104572036,0.33860451539834124,0
4.930914808118199,3.4051476175184083,1.5310645195026487,0.18359487492783155,0
5.289668195851388,3.6496502226758247,1.4449648775545838,0.2310111910252528,0
4.916243581434784,3.5271795985799383,1.3019054616894001,0.33969352262110397,0
4.749381018082959,3.103949741950397,1.4844047359318333,0.37037130976501687,0
5.144634413072714,3.570501179968968,1.6590692607121804,0.2853764697329735,0
5.171055351697818,3.81237393210626,1.3843746181430814,0.29184794160424377,0
5.130075208592288,3.4639431322321523,1.5031176125518422,0.37425568558462674,0
5.373294963389619,3.64074261928205,1.5637850432311398,0.2972588000195665,0
5.094320934326367,3.330144048019122,1.614758411917304,0.3822896589327509,0
5.363826423386868,3.908434141811399,1.589494964250537,0.29486103182954226,0
4.862703933589233,3.1575328970575076,1.481673427469521,0.061370953462359434,0
4.842239782500831,2.9074785418555376,1.6783867952164928,0.2580854449776211,0
4.311971916827028,2.672290697053351,1.3568846494436388,0.27655151738286154,0
4.715606031924242,3.785171168364106,1.477119384679202,0.38247488747705016,0
5.0823127183033225,3.5995341946046495,1.701484628047501,0.4441999803065132,0
4.691220381794215,3.643169788170622,1.280908488185915,0.08309250775062993,0
5.05900435309105,3.5148173379094825,1.4421525494230112,0.039951882236401115,0
4.371359328814741,2.6935715357884873,1.5472835577683743,0.34756564586571703,0
4.958158088836721,3.389508328900591,1.631921769108089,0.3119441085737187,0
4.807010953380958,3.415710482535303,1.2999548408101234,0.26951717457983926,0
4.891214599570897,3.372118470838144,1.7716352721553408,0.40816236376584725,0
5.359610760989759,3.9827257850493742,1.594882724267746,0.2938215263214219,0
5.083325431829611,3.815306759421917,1.169629310808752,0.03699590302520206,0
4.863895522960647,3.5359927534635918,1.6046204524486618,0.28808137664790145,0
5.09025705977781,3.5695809216679733,1.6604174703097878,0.25212526264335033,0
4.90060745999725,3.228550514042534,1.6752786545883933,0.25861909058072563,0
4.870944425720539,3.5464272347559387,1.4417008289800526,0.14472012279687863,0
4.9391100835105926,3.4755959573719344,1.3047465885001182,0.4330735820277548,0
4.404051571958317,3.1689162345427904,1.34831890514435,0.21202954190689005,0
4.722208105524873,3.0945667555164285,1.3321408898502667,0.2961301018156791,0
4.702337334942213,2.8184032560537253,1.7805388764838157,0.21090557633889329,0
5.540603411357312,4.287604638481871,1.9804562824129137,0.2772340210797781,0
5.2039007442103,3.7380134271493985,1.4342307092553197,0.1184745089630046,0
5.383191736597332,3.950933848096416,1.2997212649227814,0.25750340440523,0
4.780462218305479,3.469567488791721,1.1474251883112427,-0.05878431560740083,0
4.668246238897142,2.89396657935815,1.611454454758229,0.3736748528630859,0
4.797780962692725,3.450020496500736,1.5019396515120564,0.41044132523957555,0
5.210850188160942,3.596929942389094,1.4016627052819715,0.32352938502499684,0
5.263783442686059,3.8080806947321846,1.3324502000788923,0.25149815892658267,0
4.740073546000891,2.9823711943468565,1.704923751114154,0.23372148542510585,0
5.212887330157879,3.5715673555055027,1.4140355737724426,0.2410095528560956,0
4.320788091052343,2.709470839698569,1.224490513046233,0.27374358212329275,0
5.131881668516611,3.3979654489970468,1.1518931328807538,0.14606916271056436,0
5.244168454589179,3.8920062988767956,1.2970948933220368,0.2115678327540932,0
5.22210344119472,3.805834298478702,1.570037789624652,0.30745580026729813,0
5.9798732939656905,4.51221663757744,1.6774672283714245,0.38481783444200757,0
4.611944559857991,2.9771966625810578,1.398976447175484,0.11126750718050116,0
5.242638992418065,3.33505596002527,1.394700506935696,0.4214251797532682,0
4.86679942083199,3.0685266091616645,1.4125606392769847,0.29009174681425,0
5.343336224628788,2.761273278889461,3.9292162626084197,1.2969401219862593,1
5.706624356336577,2.594050572045532,4.0889056773165375,1.305701200136177,1
6.611886698680361,2.5761654436707695,4.701238070502635,1.306375146527266,1
6.430992989701959,2.764694184463441,4.428497284029986,1.3673111025024032,1
5.617489012439273,2.5197361452370757,4.0645299951233325,1.4218397391081208,1
5.926026202597328,2.5621626484059132,4.3029818771852995,1.2538566000832336,1
5.817112376215999,2.538801586012269,4.757522005508493,1.3897518637359114,1
5.6099422122057145,2.548804502135749,3.9635500543676954,1.184194374351471,1
5.465086191997668,2.5712180834087475,4.268337114962643,1.3998280389679523,1
6.7277440972278875,3.0999130653936855,5.32887229024967,1.7049845588171595,1
5.586370010558369,2.7622697980030346,4.0597873898081875,1.1523800565639726,1
6.375729931355552,2.7025781139174265,4.568932651037181,1.2779009256987652,1
6.853640107828359,2.7940899790128717,4.7161862147031925,1.5127615944330628,1
6.016669983890908,2.89670769730407,4.628786346038253,1.3054543558618066,1
5.5333827312547585,2.8756046566535822,4.034118447988988,1.4346142523007297,1
6.002758984928687,2.675082922208527,4.309783624785599,1.2381133302402672,1
6.580835662773113,2.842867538345205,4.5773337128258,1.4484025153978402,1
6.2837261111552785,2.7504199530030387,4.321950013792445,1.4207155109689495,1
5.5770646008294165,2.4478529197973136,3.1919353995149873,1.026713445778127,1
5.8006079992238835,2.7046941156728526,3.8605491169334845,1.2443230289448457,1
5.10307852173443,2.8063304788598007,3.9393877205015655,1.2767062547398418,1
5.977800345048613,2.2448227527951166,3.9790044096263575,1.0391485595823573,1
5.377594899094789,2.6843125880853593,3.9953045101141638,1.3609647142749488,1
6.211200530822015,3.251242249969546,4.391174760025398,1.522814834283998,1
6.024132550246064,2.913790670344245,3.6140804117457,1.2646808555864664,1
5.575079371784234,3.1823768800356076,4.438315718783121,1.3945293052009191,1
6.240815397343702,2.774819236257813,4.585553147026711,1.4834279135703865,1
5.779226407626234,3.375018913931056,3.774335943093452,1.466261794181741,1
5.751771149764299,2.5635769038628364,3.8668432355483424,1.264686718544654,1
6.467519285554057,3.121523218699815,4.657662403180593,1.5886586387618231,1
5.998627148224787,2.789445681480435,3.9886499371425637,1.272702160833208,1
6.116197835703324,2.619754060829141,4.399596438740318,1.3459126037503073,1
5.371646088535195,2.8075713969414124,3.752883123866539,1.2342003238409949,1
6.775040356123722,3.226543425596899,5.1554338511946805,1.6112560970039635,1
5.265310089629283,3.03934134425122,4.44204874428652,1.5851713389209738,1
5.940845260936856,2.425989712598707,3.7458543456941396,1.1336967171430166,1
5.685889739998761,2.3962834583306805,3.8810482908196846,1.2069200573951955,1
5.923454370029585,2.772355424365272,4.391706561917524,1.4059808666001503,1
4.890347367980618,2.532016581812196,4.196309771716232,1.5372797794416262,1
5.87938368256351,2.673395813656329,4.294820807506396,1.4351620194097126,1
6.8857252867824625,2.5241750803793,5.166477298161346,1.4280980331195163,1
5.954416513369646,2.7114703517363465,3.9276760487760507,1.0241295753276187,1
6.055084431203983,2.9056613822848165,4.581245459870185,1.4537815422665343,1
5.946554281568739,2.9304178469096605,4.575926358015075,1.497772491663499,1
5.04715841262348,2.6479417573856843,3.5529060714380187,1.0049230206473967,1
6.212273304782559,3.008667620242746,4.407899411504213,1.3641687880801205,1
5.398092514724036,2.378677466467839,4.151718838788758,1.1892881236098698,1
5.259019066424788,2.1847860288915353,3.4570678056991753,0.9364842952415205,1
5.2610242477991775,2.62041144169491,4.095051915703766,1.342158038419471,1
6.386012679496239,2.4882614254199478,4.56001486266521,1.3727259887562449,1
6.0938100578002965,2.7117326420125027,4.802333291613026,1.5124370098578352,1
5.0663311072119255,2.468611691055363,3.730646257573859,1.2686968486059962,1
5.500049743522536,2.551345217742293,3.488119452083505,0.9962964220001621,1
6.183328931013724,2.838746625446703,5.029722895512073,1.6158965670280159,1
5.346888321575636,2.986123337516995,3.48017022638991,1.0650432707222215,1
5.660933471085229,2.9693316703093733,4.45899590385957,1.4465954232688973,1
6.9631971572322335,3.403109464493591,5.284116602084541,1.783409231219844,1
5.919159077045039,2.86307105839654,3.8800395936421426,1.180807839452071,1
5.931408843141394,2.8784499356119557,4.472874326284695,1.340399403155362,1
6.522469590118818,2.558321347915343,4.765578643922172,1.3218523187600615,1
5.494047152240067,2.3616854295053162,4.488323310899784,1.2961068841255938,1
6.418707253242919,3.197472439180188,4.953233380940167,1.7252750536736605,1
5.59448776069219,2.839174053939356,3.653898764967192,1.154625717102665,1
5.9319247768933,2.8710900980819862,4.405370737338525,1.3859921182288126,1
5.738045861912743,2.345422319656115,3.069943473366886,0.8407557222003482,1
5.579930032762718,2.7389305679862312,4.354381899098133,1.207249294200455,1
5.80743448410106,2.885248290624877,4.7748748611621314,1.5691517566119146,1
5.634103662062357,2.6205365783636996,4.588858017551982,1.461686310051774,1
5.690156701298656,2.5860113362589057,4.321280271724924,1.2831356559902847,1
5.856768018457815,2.7694995829013953,3.8259411556778575,1.3520491670925008,1
6.37332174341623,3.1070373472684323,4.470723544866242,1.46850979543553,1
5.207272241008401,2.600742948286208,3.507860755113622,1.0001919912233508,1
6.345425311540945,2.9945049030707023,4.195409095077958,1.2589969917861528,1
6.15110131964677,2.833255063372836,4.417209127161204,1.5027727009644527,1
5.658493744808105,2.6487155698716687,3.95910814637504,1.060703479656671,1
6.685868019129408,3.040662020231366,4.5232750542457145,1.3915029231826836,1
5.655463737184639,2.890092774111893,4.318619115974466,1.5527762925366613,1
6.519499186572314,2.7005455350341947,4.5671319225103035,1.4129701275195818,1
6.186639162298264,2.791724976055593,4.205697752218385,1.2836165460476059,1
5.0851738185955675,2.30073473201342,3.190247487143309,1.0476530240867041,1
5.985356928943717,2.879105491856698,4.707103937009557,1.4842416064750927,1
6.550604499373315,3.0856816316328,5.23231508187936,1.6066138370929652,1
5.889420982821345,2.7230113989419356,4.605279579423128,1.484565944158723,1
5.579838007152667,2.7293426461635906,4.361732601019114,1.427870408575315,1
4.612539877578733,2.3219874252129293,2.9941694841144355,0.9302789167014442,1
5.994797415001102,2.9719083350868374,4.691981271845355,1.3081515068790157,1
6.629324475773378,2.933694340259282,4.661835866890798,1.4840443986500114,1
6.678415533378561,2.982045803609266,4.451543746189096,1.3862538923398995,1
5.872448595965591,2.7109972843633665,3.9938629539301074,1.1571493871095178,1
6.57906335946813,2.59793874801741,4.387819614664305,1.2955312694254224,1
6.5419209918415095,3.2651374413835086,4.541487776306141,1.5834056877293479,1
5.838286008437773,2.840788353036185,3.908032774459572,1.1871030519498935,1
5.789327934139071,2.2355048188602895,3.392822940993546,0.998153295095234,1
5.5479875429493575,2.4698606105677623,3.7410328919016234,1.017270218673935,1
5.974091890769538,2.747719435661153,3.706888910081693,1.0112275992986126,1
5.942692078040227,2.6942419037955165,4.432385577717877,1.428844752813245,1
5.6852699587867015,2.6101919568849343,3.6359730316220364,1.2505028504427038,1
5.593400283459777,2.534943286750238,3.5793305492642378,1.177260966437348,1
5.892789349965934,2.6000062130839456,4.826736456121643,1.5748515859383032,1
6.3276684111550825,2.917839748661311,4.833183650674245,1.520310050080659,1
6.058262914030583,2.739244569890075,3.8151714467256848,1.2008466393229826,1
5.282696141423637,2.8624320484890857,3.7745867943643123,0.9900445353508883,1
6.126774516148911,2.8901904914254297,4.29930030259048,1.3968493173579501,1
6.149949476863721,2.896935165896764,4.646021448806778,1.513820116371015,1
5.579328855990761,3.0971271446867887,3.769933334003576,1.3610037190322453,1
6.027082666796599,2.8080322205591632,4.731205093959966,1.5544217681840289,1
5.948542997702983,3.1054784332980865,4.983595111492619,1.5883654584042826,1
6.861510997732661,3.270094084865085,5.428143521077053,1.5051809989795646,1
6.357084990782838,2.544280551719462,4.408235138286482,1.2714613729799253,1
6.284439054247615,3.0059895437890964,4.070606925897039,1.2454681838026327,1
5.6861305771070345,2.5182027889492042,4.060889129296604,1.41226892069613,1
5.1668978026565515,2.3005741222022467,3.4488475090253834,0.9044004891516741,1
5.908260725075654,2.6760923254642437,4.76156995679482,1.3457045834583816,1
5.682501380205335,3.191856166601871,4.396221062270637,1.6171343117632513,1
6.021787719281104,2.8613021633792073,4.484464219972761,1.3642856258652774,1
6.761070106961453,3.1355246766669542,4.684394389403063,1.5325322588714707,1
5.3473880407378305,2.5414078302345025,4.028719151805608,1.257401011787278,1
5.70338547274393,2.0929593186550024,4.233962180101499,1.161815978430237,1
6.255448495078661,2.6399797561484477,4.133420025215299,1.2134574525976791,1
5.640524305707564,2.8756652607633786,4.109439968159114,1.3291251992464346,1
6.338154690356742,2.989332273175933,4.793496752703758,1.6473557943725143,1
6.333183306193464,2.461454226769024,3.945660654121093,1.2366905225720677,1
6.413719194848401,2.790566544346038,4.342497776084177,1.4198132314910488,1
5.887070617851004,3.0658550821921304,4.830862544239864,1.6117402154676297,1
6.0279245525785585,3.261274456394841,4.436809570784837,1.5501272105279345,1
6.818730617642087,2.795161770814839,4.835846115086559,1.5233098516012524,1
5.981901684093078,3.019954767532106,4.465977010622574,1.5244035828663254,1
4.750794129038936,2.8256759811310226,3.3237344532772775,1.2386374796540787,1
5.930178206221312,2.6571074636703975,3.999543824999337,1.1841354291026247,1
5.595508806326697,2.0781186320849576,3.996643975998665,1.0671918795245428,1
6.162572399804613,2.4930950588884806,4.481420631779974,1.430652709582603,1
5.610229148504097,2.7858310981790466,4.068231002078859,1.5058238350416977,1
6.071825728547623,3.3055723158434254,4.736463841471564,1.6412250226738945,1
6.657685519486992,2.8517226559147306,4.975306658039383,1.630789588962266,1
6.087680323505075,2.9405126353853595,3.989617524400842,1.1531751076559364,1
6.59496487031778,3.2159501117429468,4.736221934246876,1.5296920402899,1
6.660369008440361,2.6809255583957925,3.96950348126154,1.3241224648409982,1
5.897461352740312,2.7362516610534153,4.282084064998986,1.1183722972231307,1
5.5611508622170405,2.392791628825447,4.130533319341824,1.3216225442270684,1
5.73397822682245,2.467419677425897,3.753923172981113,1.0762620858865661,1
5.839272460654081,2.771337538911242,4.073927017571748,1.2783159435441322,1
6.262876741850246,2.748429868957962,4.182238066482168,1.0336490508100167,1
6.66234128117762,3.3395281144399314,4.620601161231941,1.4916816719959036,1
6.790854636487834,2.638738137668959,5.338865497510573,1.7200789092352502,1
5.595103682994369,2.58084103766665,3.943291133281356,1.1936233168991186,1
6.2268852129877015,2.90159171257575,4.3901328544718385,1.3075551475146163,1
5.931233933916948,2.650479544502423,4.071470876494833,1.3571087760837859,1
5.956884039021004,2.7569588454204856,4.080213480769433,1.3848490920772802,1
5.831564299797103,2.5739554480665428,4.611337142819332,1.3443312621751384,1
5.926351721686118,2.708451721018595,3.953198877858627,1.2003251496103904,1
6.340219823266181,2.2621367540735404,4.304265926580124,1.2565528579018062,1
5.419406714393926,2.5495380218309527,3.495874128688144,1.0133674037064306,1
6.073593280855125,3.103433087531212,4.26268250113121,1.2575260598016043,1
5.7655285267902165,2.7199284425811308,4.280772220306803,1.3081519919495137,1
6.308902609622742,2.8952419127130624,4.2732517996829795,1.4043554132900904,1
5.771172735399594,2.7981805600330554,4.048485715261355,1.469503838643811,1
5.4528271921553975,2.845948280010408,4.320984684663525,1.4433494934381546,1
6.047793523669556,2.962900032803865,4.282642625078098,1.519882946076826,1
7.498459466222892,2.825758654997668,5.361772297251918,1.6269198934410758,1
5.852815407973354,3.3748978889666716,3.9635162516527243,1.2228595082270541,1
5.5896837038849805,2.833661993585043,3.760858380014477,0.9646543073101438,1
5.640286114385854,2.980763566876481,3.83560234730166,1.1157012142155804,1
6.562196250135412,3.518479922002709,4.948939718885958,1.5695177604468031,1
6.452033290988318,2.9079727428743967,4.3731459942464985,1.4006090382747294,1
6.380885614380439,3.1159335587268306,4.854579825443632,1.5062221882685323,1
6.977646671022354,3.0515981371517786,4.533297817988534,1.2613667371499746,1
5.5680899139941795,2.3855426980792447,4.108195242875514,1.2744957686984493,1
5.883743214751416,2.5815052688009272,3.904179532447979,1.128754212414427,1
5.747581050243936,2.493707984439988,3.9315874354286633,1.0429129686083252,1
7.391926862942103,2.8852873444415894,5.376548180164276,1.524589282529746,1
5.843530438711161,2.6958951573330827,3.841857388137333,1.184658893001647,1
5.701938535799418,2.3362177479434614,3.9267650661174884,0.9889961731051875,1
5.262582022389781,2.397445712687662,3.6261076673020343,1.0402197422430188,1
6.3970095408750085,3.06865966970874,4.420081199299029,1.2494949432630107,1
6.321880489865248,2.599039659540609,4.016270849356219,1.172013974392587,1
5.933092009509933,3.0060819888226575,4.01355853967149,1.2171015988186988,1
6.131686256081051,2.933735819243576,3.9492090969980578,1.107903754149876,1
5.8008554294928025,2.4543697365176875,3.5272748034975043,0.8438131995420677,1
6.039313901866869,2.7777238970320113,4.838612251751254,1.4066524309088357,1
5.529656168439092,2.991934215712348,3.7113623234244515,1.2271804322493716,1
5.396060358994652,2.1087383717300123,3.786183341868525,1.0805520602753038,1
5.90070122251602,2.895683840300805,3.9956258441817156,1.1618199253124801,1
5.818018359870552,2.7987605885355094,4.230302953227165,1.3445565627680505,1
7.210792311899036,2.640559329392666,5.038537121746574,1.4088675496589038,1
6.279380790068033,2.3334516451200717,4.540317588492368,1.3707984818624004,1
4.935102870622716,2.5802557188880115,3.832275619191769,1.4128856036629363,1
5.945241572557429,2.666634030087294,4.327284994199619,1.2862869102882433,1
5.66512935339357,2.274484569665892,4.006815272637338,1.0176650142636805,1
5.344096831836344,2.4786276909767246,3.351617987953806,1.0508527977618276,1
5.838925060537647,2.6939497037843356,4.234237417399556,1.2860975856093972,1
6.107003292130135,2.800775040664467,4.258108192649209,1.124721381711611,1
6.288634568661458,2.937086907487901,4.348350754490251,1.421128547743339,1
5.609422380134138,2.438892433250956,3.9582607825377796,1.0078886165092271,1
6.058942074644024,2.937297327827667,4.221305295131854,1.1774619370564607,1
6.465680622779129,2.896070276271033,5.165386229288243,1.5048107005292164,1
5.26930134510172,2.443034279548495,3.175436886767659,1.0164882340761872,1
6.138077388676072,2.420618537620711,4.3674258716126095,1.1949535589083424,1
5.506742819660471,2.4926824999441477,4.485180647563032,1.3862051124703212,1
6.129048400812153,3.038646497079462,4.867004811427353,1.636545611892717,1
5.8759776144114975,2.6460646966019086,4.034145962996009,1.3488252096578788,1
5.703064718272109,2.4051589394934387,3.6850356098345807,1.0576784844551599,1
6.233046116000577,2.511280591900508,4.232886331847683,1.1901623838765596,1
5.949451549826739,2.4026382926271745,4.916626995655463,1.436557974659425,1
5.49700432997931,2.704540160987577,4.499946975489181,1.4769480919241387,1
6.053613449544583,2.895407645127719,4.879679087946409,1.428592625345313,1
6.523340355360441,3.133463765249305,5.0290150209848195,1.5238763985447732,1
5.380523937056039,2.6081798265854808,3.965739550972182,1.335475481230833,1
5.62545712842002,2.7201487828967035,4.228874620093054,1.3464989355073227,1
6.164861927809913,2.719618562506206,4.046548485419966,1.1876097406898733,1
5.61504514195054,2.362123274184523,3.718997010312358,1.0700071002568716,1
6.190262071549482,3.432024521576951,4.762670910300569,1.6956135482439352,1
5.790154173978923,3.143705767951796,4.521516759142014,1.4247343990500467,1
6.949078193727673,3.1848762828398955,5.259415366277758,1.4481813223299669,1
5.397174126171535,2.089511383612486,3.774578575571554,1.0562466438750893,1
6.09579480304526,3.0916517340956506,4.294638141465524,1.3271748785484905,1
5.65068302553788,2.438177447647688,4.350867245036417,1.2782745751202484,1
5.955349217318826,2.7220993233608337,4.444599034661084,1.2721969050680586,1
6.6184949602590315,3.3561017980025882,5.074687893165198,1.6252635032229772,1
5.629046099786342,3.0682442255322315,3.7283043278398162,1.3589032071172527,1
6.601810558821195,2.5843316888516488,4.449690296853797,1.270674919305408,1
5.773358848690198,3.0286771637172243,4.264036509527971,1.2526932512750588,1
5.810723761711703,2.821507582578984,3.8042204630831846,1.3801940144591596,1
5.085387580236846,2.637819731061742,3.6011461725456435,0.9944637136232247,1
5.573913154870212,2.5312441113851865,4.00916456904983,1.3497522193717137,1
6.287959559973728,2.742378260324852,4.735857968824874,1.3977149752194709,1
6.824204538491463,3.1093657577782365,5.15869552727362,1.569804217890976,1
5.2157505695724895,2.8139039452112224,3.8208049105178663,1.260761969423263,1
6.729393178043896,2.8787945994815534,4.8493940207374076,1.3345460782676692,1
6.453115929278423,3.145380677319711,4.879218728382969,1.5524094292117712,1
5.740925410901966,2.697324718764051,4.107282003401457,1.2285133044860175,1
6.604200412636518,3.625604025903802,4.645986285370423,1.4303201650140247,1
6.140734031024004,2.310981996301995,4.349421609728363,1.1493069876474735,1
6.964033577657626,3.3050096821096315,5.254633878042698,1.6966292526826101,1
5.758772121100142,2.5174250736213075,4.231643606734529,1.1988281779588497,1
6.270586853582973,3.091243239769965,4.488731219008816,1.528461450254977,1
5.653489129811453,2.7329297908709047,4.103285378797884,1.081313931121302,1
5.812188437878375,2.8311069172309375,4.0112847840387325,1.4097896251716804,1
6.123223150916946,2.9584363976845194,4.2818769547851465,1.3373911134043566,1
5.703717953474008,2.349180099002104,3.7424564682381694,0.9701811031208664,1
5.9021554161472185,3.0217774185311996,4.291479362167163,1.4113015430084321,1
5.947882300418534,2.5801122110055,3.9952447241769002,1.2195359154416932,1
5.757854860613568,2.908031281892562,3.819135973616932,1.3796911827984397,1
5.698730607569393,2.8805178844559816,4.40655061845913,1.469596926022348,1
5.726857183528579,2.573709826668485,4.278397166037457,1.2174478036429246,1
6.042185262998258,3.175207737415352,4.842964527698397,1.7372563416377969,1
5.87920227124811,2.9739369446218786,4.282599047010973,1.3666653958739434,1
5.851363974636553,2.283618160224928,4.141013729464435,1.0747208696500952,1
5.97973486252612,2.769155413510773,4.071005957718018,1.2624932735415644,1
5.868136629524066,2.7751678928626764,4.188311318998967,1.2942333197181928,1
6.164984012266683,2.707641294487228,4.416043313734457,1.324722581754631,1
5.99215775919827,2.6995376557602806,4.587292786855925,1.369417242002938,1
5.85916950367631,2.6992956792025438,4.196505906791944,1.0830223349784789,1
5.726030469944792,2.1622359266555593,3.87241398167474,1.1669529346363254,1
5.3207179807697385,2.3285068485152998,3.3866584215691677,0.941153645045569,1
6.242384808591037,3.1516394961618586,5.06728108339175,1.7570079979659385,1
6.105211746915565,2.6807633101596786,4.518828650656515,1.3960905774893118,1
7.1210132573341705,3.3977512861591705,4.852399019874948,1.5455616713119698,1
5.759465550965103,2.929799355177108,4.034829670426036,1.4449570623110861,1
5.555821417155746,2.732408647188178,4.289854108345828,1.4625749565266437,1
6.2619219575497205,3.1490195740000804,5.031132749519032,1.5459274056398078,1
5.9984942182908,2.8516861817882067,3.749916012951682,1.142807988178339,1
6.392618618306969,2.964751266974506,4.303366248398753,1.2006229960988204,1
5.1531778394454495,2.705546487457678,3.731321951812572,1.3310919782263422,1
4.751789889505369,2.552804843912539,3.339276946831016,1.1106358220214239,1
6.575964402492609,3.4535820222565405,4.565932607185329,1.4344096288776207,1
5.922493615179963,2.9350208054167686,4.066871047921488,1.280477780939135,1
6.353293340821269,3.1230727587585165,4.080996908685277,1.248761522998249,1
6.066047367880488,2.7027843662904343,4.047476059039019,1.206816772844828,1
5.3506423510974335,2.6265809238314954,4.22832921389971,1.1008693629177335,1
5.407511227867239,2.9207612341917497,4.208736687775817,1.398110630894516,1
6.024204538218588,2.628910341819055,3.822566534586973,1.0321093597387538,1
5.986385916532312,2.9458783975264047,4.790845829421053,1.4722529331746093,1
5.69370721382986,2.665579824487552,3.3116348214677718,1.1570886829839124,1
5.5398681208395715,2.671564262232592,4.0340286329666775,1.16448446280807,1
5.415411077722295,2.916926202790953,4.066716206345979,1.5076791672088565,1
6.156283736553655,2.8192630392341234,4.069032622542681,1.162415584760776,1
5.908529559658022,2.7899971872772813,4.470415077743906,1.3957974438195144,1
6.634239909984702,3.227633114799519,4.495487756117685,1.6049080112603034,1
6.57089824876022,3.03454014850937,4.947925921038917,1.4431519291699395,1
5.171567549165904,2.332441205189387,3.377376158607424,0.9935135768274563,1
5.462122080117001,2.7481239480313193,3.9074384741055193,1.1018886282186633,1
5.109879872083778,2.1550962057660747,3.5396001930362524,0.9019670816466249,1
5.524263745560285,2.3278385010133427,4.3539834543495735,1.377060936132147,1
6.0435347110826685,3.138267360177411,4.822205957029588,1.433278925609826,1
6.361439908727941,2.967151319179445,4.309690202595776,1.3727295965892774,1
4.831350262461304,1.655144388476746,3.186372287605555,0.9051701395644587,1
5.503186137417142,2.542159091555337,4.375243946316216,1.2344691757759028,1
6.03529705475443,2.4447240105568175,4.0029053208518945,1.3271282867331686,1
6.124874214555712,3.2193053173622768,3.866265904570233,1.0232574419701275,1
6.201669509156934,2.803971647786286,4.104199671901691,1.4473548020609044,1
5.584714531646428,2.4237310412189528,3.306834196183833,0.9537525046857352,1
6.560514379893583,3.187749822649453,4.302803626406453,1.4395324955056106,1
5.851199360324795,2.6001960866562324,4.458077838615499,1.1801659745361817,1
5.995424043131038,3.1374625423076843,4.033486544594734,1.2578550300084443,1
5.268366306512549,2.1450901814383156,3.3659501921232993,0.894865054249379,1
5.7970302592880705,3.2732144128417895,3.7399886472023978,1.1805664486930567,1
6.681618305856713,2.6502131564032396,5.023221626502168,1.5797589069763618,1
6.851332080478665,3.092244422686307,4.782757975239498,1.5891873615830692,1
5.816079986631761,2.9889195516368168,4.552240249187784,1.380262712612676,1
6.272179952167644,3.0342323025851616,4.6398515069511275,1.3963896949135362,1
5.832282761719472,2.9073258124471963,4.3711407302416765,1.405586813452202,1
5.703028718832627,2.795555941950204,4.144368517627357,1.1863218851707373,1
6.32131278598281,2.9716936531676836,4.155969278198828,1.354954378840199,1
6.649682004871326,2.994724916086231,5.129689164209461,1.5202523273322472,1
5.894712502508726,2.7421886731096494,4.260739946272696,1.327336083494344,1
5.8050341696743795,2.430774384882358,4.27452397179831,1.2378927422824588,1
5.732285000504363,2.989282469906045,4.124962282914648,1.506346054663197,1
7.054408524343497,2.6635188399620926,5.281289758909857,1.69453215578079,1
6.920045200469536,3.0686694459675263,5.021931828844741,1.5883211876576797,1
6.358832187838746,2.9130788184414813,4.846572710210144,1.5837562630343558,1
5.1189381166972,2.258604965261155,3.49765834108709,1.0057382958804952,1
5.440860634026189,2.431067225721401,3.8530604254123495,1.0953054587159161,1
5.8403843132503965,2.8741720915447004,4.799769880929548,1.577539416294,1
6.426978617278053,2.2193202186370122,4.608555456886579,1.2739556704944355,1
5.93021811891403,2.2943722413521814,3.8753431066977835,1.1937573007313582,1
6.745400183338681,2.984043772230195,5.0351096201224035,1.6083720737879172,1
6.047142213367455,2.6309367562013004,3.871943118389922,1.2254186317421465,1
5.9629419284909515,2.648868851289274,4.53694070943334,1.204921692588021,1
6.04968663784963,2.793441979739132,3.69532255217038,1.161110043307465,1
5.628379370923125,2.8274026038307976,3.530468900518834,1.2322428696622687,1
5.904046545454239,2.6161509734543635,4.506256953079662,1.3335476053715352,1
6.068344036843849,2.6382541193757763,4.446140134356398,1.4398684953525749,1
5.127896010680883,2.6201413333280827,2.934042170205525,0.8639083506700902,1
6.017968195314516,2.683703971759206,3.9824125562790695,1.1692488040405746,1
6.046454326153019,2.7220486845410914,4.044759854475695,1.1041519132162865,1
5.328692802390853,2.400085426378127,3.659753541697774,1.1422133932937406,1
6.15101260201577,2.8141652256547918,4.384322161528819,1.3302492307075935,1
6.5223895645196475,2.8195569795390525,4.2628660511862915,1.353180788012572,1
5.476600077353633,2.9968727172533587,4.452253158689292,1.5470763590588001,1
5.5083795943157625,2.9172273004549796,4.056226325170903,1.2947955611755817,1
5.075263078998407,2.5949237604974287,3.6739688230056964,1.1721141818578922,1
5.199934156405655,2.8380126212149484,3.792180490222931,1.2581119816404442,1
4.866194867176478,2.2857860000754933,3.383085851837955,1.059378591714902,1
5.640922596190701,2.5778322041511506,4.389375750139845,1.286011925872253,1
6.81162480514745,2.9730298624061358,5.317403723149037,1.6676055421085436,1
5.74192508074428,3.133063821223915,4.21554219384802,1.5882623105973077,1
5.575366735555156,2.3862834273261804,3.86508700420135,1.2617482796160655,1
5.48404208677349,2.488069179510831,3.9348997144120967,1.0887617269257879,1
5.796035094637707,2.756471162109682,3.8623540093073294,1.159126552010909,1
6.012277460224004,2.7156575939977152,3.9381234842160664,1.351720286976715,1
5.036232439799515,2.12022276667012,4.189988327812482,1.1902344507525655,1
5.5959665133171015,2.6236092538141693,4.288694980819031,1.436066113814089,1
6.204695138021835,2.950271604004939,4.2079291993593735,1.3152610085298024,1
5.265273706467781,2.6053691707349094,3.4329371027811524,1.107458380970462,1
6.194732953953275,2.3729120682460403,3.812286635633246,1.0952199233041442,1
5.392141734386038,2.71484704411346,4.036775891200834,1.4902861368181326,1
5.61305428079494,2.1111244991733034,4.2182021129573135,0.9000258678781046,1
5.455700533676844,2.0196427112495874,3.2388368728546624,0.93899990893116,1
5.936215262828768,2.9581086974494095,3.7769254543570114,1.4210794999729508,1
5.509108576541112,2.531229555318141,3.802282372399176,1.4310328847740437,1
5.180499631236158,2.3255530341481094,3.7294288305952477,1.1599728452864118,1
4.632733823341249,2.5498932308611524,3.2209299947637513,0.9021820079426831,1
5.9869810382059585,2.6637016259878155,5.017757810678512,1.6257262998691746,1
6.05988206580536,2.361043348981886,4.519891694410155,1.2237021039784362,1
5.3670221938073395,2.426825311123387,4.026858141285812,1.2537912941361111,1
6.443475841481257,2.987049487435998,4.550931470814615,1.5476641361477603,1
6.277609430983188,3.0405589217106295,4.524168761085454,1.4260795444607526,1
7.426362165628724,3.4281666899552716,5.292843895093208,1.736854585600794,1
5.780941550892793,2.8233365535051282,4.721597618045133,1.675399371079354,1
6.560299084678614,2.442943375960206,4.077671685647743,0.9677929673309689,1
6.365732410753094,2.9645485960044526,4.971944983393679,1.563767546391374,1
6.155683505772208,2.585083231025502,4.2708038825465575,1.1351978730354606,1
6.82262983557921,2.90204080463046,4.894957648278009,1.6311611829453478,1
5.376293301651626,2.369393738623141,3.3849110912960936,1.0861080256170617,1
5.259359960502527,2.6185554524477563,3.947940759732042,1.280793793876422,1
4.736989835951563,2.015744063408788,3.8909058693660827,1.2307684624995838,1
5.315642780617063,2.358764236309372,3.722394270642184,1.0089946703337112,1
5.444555242618749,2.761253251593451,4.083563561455061,1.3357416018027684,1
6.233497887029572,2.928873028989158,5.461301333021695,1.631398781827356,1
6.612790766547967,3.184710925606988,5.312645143888876,1.6385835459994091,1
4.311161118583422,2.765119863145926,3.2112240795242273,1.1481179545330114,1
5.953833495308942,2.6268316755532006,4.215912752567016,1.2942867503560076,1
5.841475556053252,2.987180078443341,4.852649609774247,1.5513263595491094,1
6.282852985684042,3.1731553901961584,4.671832972555062,1.3844702850622097,1
6.25806181390852,2.460275485362335,3.958019815609511,1.1359887693282582,1
6.608263458267228,2.922955690305091,4.0936313589121385,1.3205343628522723,1
6.177303171369686,2.804505136338594,4.2890486906446466,1.466769081093764,1
5.94884145042459,2.8623529277146136,4.172627512849648,1.388143012379763,1
4.899203356774237,2.637586371494986,3.5861917941044075,1.372464146794989,1
6.706808909548569,3.048122141741251,4.959793430736395,1.3631980908175156,1
5.7505209065179335,3.0797987733821324,4.172081503867318,1.3951037685638474,1
5.773856963262957,2.517625132630157,3.953843602525747,1.179969438348992,1
5.040003450454138,2.1375010387665734,3.0245330315429753,0.917847603452006,1
6.171681613927791,2.6357422805055006,4.5602109327044404,1.6691738787419634,1
5.663654869574226,2.978212138126028,4.386916242373691,1.5042263696856146,1
6.233687854809438,2.914745106124289,4.59879738941767,1.3846706768040744,1
6.30875176289095,2.520198496108412,4.333461673072378,1.236884359513182,1
5.909828662683267,3.189660677912377,3.843857142924307,1.336750092350124,1
5.942205772654186,2.834657460923435,4.369539672088887,1.3819413147027402,1
6.624049808083514,2.929045238261666,4.34221179175006,1.5210898174409913,1
6.464238179777601,2.3186576887455455,4.682596995033408,1.235419494400262,1
6.373626181664603,2.7340042744707507,4.889470306118971,1.5306908512061368,1
5.738651173686294,3.232223095109895,4.363551907214648,1.4908388671416444,1
6.389625359284752,3.1795156126582698,4.869592026425354,1.6369065791064148,1
5.8111996262005325,2.6009871717144852,4.427365461409783,1.222638683708268,1
4.915627573088813,2.246545892147657,3.2619858525377547,0.9668909621454521,1
5.507915992713404,2.6188722481732367,4.371491223246784,1.3095856234823313,1
5.7227030206498,2.5492319572849476,3.5652370050619835,1.1903282766996452,1
5.162638180695922,2.202761761929028,3.4742131140087213,1.2232440398386935,1
5.375206481752585,2.3720966616286594,4.105306233581378,1.3923678272333977,1
7.042246078409456,3.6348818285628752,5.659688889993044,2.360358759734247,2
5.917826713952449,3.136748233920475,5.103987684916303,2.3270116021059293,2
7.001691960212734,3.2220478446260112,5.823854240840429,2.070009687671734,2
6.6766594395393275,3.2116276178982344,5.9044764916538455,2.46255224433335,2
5.961710866028108,2.7058581164314335,4.977148074005081,1.8540085416228522,2
6.262729116146224,2.788155736633611,5.157669281254916,1.865646239171463,2
6.781206190765708,3.3085047678503035,5.394032628835662,1.982568223101984,2
5.809803896378719,2.252019951242177,4.881561728330417,1.4694189941300242,2
5.7863450067340825,2.8843083543768437,5.259898841209945,2.179449233429627,2
6.325082270555188,2.9222264887645073,5.119773371363629,2.2974198345405403,2
6.39540614591525,2.5482108729727426,5.351283221720278,2.0063991417849607,2
6.452140150685247,3.2838768980578137,5.2188870878684295,2.044327820786754,2
6.729109509171916,2.529399220986368,5.2747528113001705,2.004360790362031,2
6.764178009084079,3.1383319251376256,6.131375235298419,1.9887422112276893,2
5.83908018350285,3.2875548409269872,4.602448853713845,1.9677464903984103,2
6.514440876807795,3.1915604503714423,5.625018486091223,2.476062238608474,2
5.846014938746824,2.856885634843732,5.739305982394037,2.1140286917675515,2
6.145902021579925,2.8580915668073805,4.782818681507962,2.267823886278173,2
7.046876823715376,3.051869215598004,5.5341849992795655,1.773868731035278,2
6.3978398139338575,3.228802301878093,5.358941383594596,1.9538857414173134,2
7.021629403510621,2.65680787850463,5.592093263200409,1.8601889841539188,2
6.149461635444391,2.911325148888125,4.775842183661452,1.9105230397573192,2
7.038271129920653,3.1743993857161787,5.691492959828988,2.505478313546531,2
5.9534247806738545,3.1514303693825734,4.753227931406049,2.374559144598787,2
6.499504302875335,3.022003757479685,5.662970076845439,2.3800238226754376,2
5.555705086955922,3.091303258556658,4.694211515545924,2.1306920590989296,2
6.942243374606046,3.4557744317929826,5.881067109935275,2.149747793312701,2
6.284816565815601,2.9470260552826724,5.362250063122481,2.3302153012376503,2
5.5499539115638115,2.722540227434214,4.4285057687590665,1.9828313933394761,2
8.39658357932391,3.297022575608305,6.912232753999792,2.4038984050876713,2
5.620855601501431,2.511214506198794,4.695937412943602,1.7837273431248557,2
7.407311208545682,2.911073957136258,6.632042827646766,2.2121636518895356,2
5.879418860583263,3.629970087370347,5.035332559228092,2.2216131445517,2
6.771974175845579,3.434095811822212,5.550504616652281,2.089859827636209,2
6.4399978960321524,2.9353500306475437,5.153091186411393,1.6554382797456135,2
6.82665433715311,3.4467084602416707,5.913600515357098,2.3997517106468997,2
6.606038180402006,3.1748815722629313,5.4419786006744735,1.7494173565761058,2
6.69488068801756,2.89902229866919,5.542941749578889,1.8533314120585607,2
7.90478348549725,3.2211826401064734,6.233031547743298,1.759106327436707,2
7.402391346414504,3.18580433733238,6.64128132228614,2.5316951929427196,2
7.5757432120103605,2.7387813393655085,6.265418363218437,2.4294252763047304,2
6.289457161570959,2.785719072232382,5.29923387491926,1.9107059624660065,2
6.464609929461082,2.7032777766961953,5.2044932111869535,2.191868542095561,2
6.301901550035147,2.688660443112435,5.0387501302973385,1.9598454746162224,2
6.803534639368081,3.161029522511269,5.7146369135387065,2.2182788022423727,2
5.980136791545921,3.239659691847292,5.337289107828753,1.9586201407871866,2
6.012907087545626,2.6363138619797457,5.497896171335677,2.140037242865397,2
6.355287262048687,3.4120512138278345,5.325290276919532,2.0436884714859325,2
6.432466080446986,2.969871906942968,5.240185556024414,1.8355855497706384,2
5.820700903577631,2.8025881063318874,4.778196241675685,1.9217266329954872,2
5.971853982553063,3.032480366113288,5.355723790390835,2.1094030258225116,2
7.104927182242497,2.7803987682792775,6.378575213378603,1.8102586117610224,2
7.15623712777729,3.0324595391432387,5.8648731096422,2.3506979683032148,2
7.0153235626814645,2.9439821001401763,6.039051388456586,2.352508774366088,2
7.760827971702792,3.025090472452733,5.887460693083048,2.117797778401398,2
6.292009347428794,3.059007840693386,4.659000803183957,1.7986501022155128,2
6.417701176060364,2.9740191276759105,5.153443236045441,2.0697331268872423,2
6.013150353206439,3.0265242541034016,4.972367367972559,1.7994384749551788,2
6.180917588540668,3.3183433810283782,4.85291719058403,1.7367186219671482,2
6.247746178452724,2.8767450077934433,5.600888894844989,1.922021837091316,2
7.01540277631202,3.08695813071172,5.820255699636122,2.180158461851419,2
6.849424909285073,2.9603328812685175,5.946346478627902,2.635938232278764,2
6.257648637859584,3.073907020098255,4.940519128842113,2.0773751499091593,2
6.89148446758087,2.9633144429305287,6.202415569125302,2.118573490309636,2
6.787471723822421,2.6370415419416604,5.6044924821651305,2.0117088070655327,2
6.847942692117421,3.522931631929915,5.938248327610577,2.122177729110339,2
6.4114155019846395,2.5512553053128273,5.180029714791851,1.0826288879880133,2
5.909352014717966,2.7088143905553235,5.362603339420118,1.7614340219957256,2
6.827377988526846,2.5122223152828935,5.302805838850414,1.5647727990717295,2
5.8431577763727764,3.0259930914808453,5.487732454129904,2.169126807612749,2
5.635569414058589,2.05668429128702,4.885419391770574,1.5200369917549565,2
6.910450498446895,3.2576294717280483,5.526046999216936,2.0972528861098634,2
6.564408025144076,3.3042809768200874,5.620435265751743,2.4279128929468214,2
7.3929283542356625,3.084206280069945,5.919964561143368,1.8211640825148812,2
6.1943562325182855,3.1398988274561086,4.795675830226934,2.478024712317811,2
6.5865703991358195,3.00474855394903,5.290294152462138,2.1306974882405396,2
5.617887903007396,2.4733716512735335,4.587182451101026,1.698899512398133,2
7.891137797435855,3.4378171661307455,6.421192689424273,2.483257193650884,2
6.029002449246805,2.6788244642286836,5.2974302104901385,2.0967677212578533,2
5.984268201575461,2.6542990820265606,5.408933758011704,1.947875373532012,2
6.295418371659997,3.079521515742602,4.82447749695405,1.8844332409406013,2
6.848153467520538,2.818982800385104,5.319368620621708,1.6913922820335767,2
6.269676974832783,3.105386496855387,5.456151444422974,2.4409618662916213,2
6.22007257454726,2.046490911504577,5.270006518284828,1.7365973935821675,2
5.695623346188763,2.6870102001742717,5.325687405402497,2.033641924562299,2
6.252466404526201,3.218673080724356,5.372102180657144,2.2048242326992717,2
7.145087267443931,2.63925757856604,6.293658597546409,2.290859974001102,2
6.511020782909755,2.513452147249065,5.6455055451547,1.7821009965129346,2
7.933689350721725,3.2412989529119103,6.2144851144695,1.960738588785651,2
7.168020185790367,2.9279470011917668,5.833467258488307,1.4830138525293517,2
6.953920995624179,2.7228738296157102,5.870290366750503,1.7319803670670701,2
5.299112720518058,2.9145920775134915,4.300249125845258,1.9403690770515554,2
5.431619682591625,2.8081307692617163,4.276130296672234,1.6764633242210873,2
6.431867753476002,2.771441976088422,5.200179340094866,1.7409984618307688,2
7.923578112053566,3.4043345059149637,6.727338891408912,1.8559434414518958,2
6.5160210725785985,2.9475072830548226,5.6679790502260445,2.1814445251915195,2
6.458219772433242,3.295086486977951,5.227250236092865,1.813077195642952,2
5.218593196876406,2.8626782623085973,4.9335555836755836,2.12184980685676,2
6.965116450600302,2.9054567789806893,6.086900404190606,1.904603781242193,2
6.028829419366014,3.0812682932893045,5.489617015738023,2.0737517936877996,2
5.942171944243711,3.1154034149260745,4.921984575976371,1.6461707800835448,2
7.246115626162476,2.79996541631204,6.603526109235072,1.9456085488923194,2
7.160878734986009,2.8842300626382906,5.998524526240854,2.0654315737011473,2
6.44700969945487,2.6998141106315656,5.655170314069251,1.9435013895249438,2
7.482019634546859,3.0332765456674577,6.322833686197261,2.2549530611102977,2
7.878275993005176,3.2323945540227945,6.859063612782707,2.1845090572289627,2
6.352718545970748,2.7225451004030092,5.31729048248296,1.9227489917431897,2
6.674266328102966,3.1616763659640617,6.082966815822356,2.1089918250530957,2
7.211965951905671,3.3218160869066793,5.6058024242517215,1.568353730375908,2
5.656348150146412,2.166880617475653,4.267294245783251,1.7909028834457787,2
6.464124899377889,3.0515445824662537,5.1537346811755285,2.487917773965994,2
6.724316499637275,2.7785158916521384,5.455731836816929,2.146577467455181,2
6.25993547553663,3.3041680421848985,5.399681107476723,2.096252172655864,2
6.691237722848799,3.7911491430126634,5.857360731337956,2.6435935039883125,2
6.411845239939219,2.9311062637666843,5.33054538744252,2.4009686758052764,2
6.550256771798914,3.1781359000644978,5.532170969498477,2.018604875887991,2
6.475110766547343,3.088261509614606,5.7215359786914926,2.102360921105479,2
7.338626749542121,2.6352884841252164,5.962589391271706,1.6754652576159528,2
6.49617832757515,2.747477412324659,5.565766912503326,1.6799197399801253,2
6.3930484558860465,3.184953898011191,5.388304762981181,2.35027481952812,2
7.566247928456443,3.1627908463858527,6.073326033108634,1.7360308658039285,2
5.779421651307611,2.6051620082087927,4.603026131140355,1.8179600944819754,2
7.106036606282341,3.2486241275407175,6.4490574527729,2.060002864528049,2
6.825918341559763,3.1074984544976965,5.8455043790652885,2.2786355586189795,2
6.104251300892906,2.916715336080947,5.586441198250403,2.2092421439908345,2
5.40087334602904,2.5948307156636514,4.968292854933603,2.0408842585032096,2
6.390585967079478,3.010304208861065,5.199537002452335,1.7936905108467207,2
6.67232173520375,2.549123665849799,5.255232110055893,1.6438935326883077,2
6.335064140439239,2.6213092769325077,4.949952427019601,1.7930620902843422,2
7.168364444468362,2.9210412468042315,6.297573645220362,2.2811933942164453,2
6.922478577849338,2.6511386146320133,5.903232361391916,1.8907499998484565,2
6.204169145091091,2.9212915234983936,5.268852243443694,2.0866636738247615,2
6.2625070242636465,2.8190548275046465,5.544373813274576,1.8101189179368782,2
7.608667254010833,2.973767579433242,6.481967520717869,1.9686451361658088,2
5.6939603744380225,2.5552258644556405,5.114917047459631,1.6686967816134257,2
5.645904780747159,3.0397951149740243,4.84324184142917,2.0766157462189057,2
6.47976766094616,3.114866136095669,5.350320898433606,2.086849149151394,2
6.708446286154127,3.6294691248565796,5.67185937518126,2.5117725058877496,2
5.691909097872956,3.246031681273894,5.3581845720514565,2.2205853248724323,2
6.494752022441334,2.7810397731252388,5.263399656963973,1.8089929911368388,2
5.9959044918793705,3.07858272145134,5.116239835481265,2.0637222785715617,2
6.186746430688187,3.1064369308017064,5.210970867790888,2.2487581943713275,2
6.755908373683452,2.522203163508472,5.382613280253053,2.0788636723493363,2
6.854296318414777,3.0613769984378045,5.98281358327666,1.6395579575345303,2
6.542819341923864,2.695278722450501,5.555164706257764,2.110525616127167,2
7.386695716968195,2.8115158666695312,5.8276839818578745,2.111126533836484,2
6.620928769858599,2.431196566997009,5.230639422801913,1.6177223679109718,2
5.983868869136046,2.7482657962501125,4.9745856235117705,1.6809420892920075,2
5.911192308546128,3.2366220499734215,5.474190119681041,2.1036389974867977,2
7.122969479666567,3.7436802101426236,5.876416261789078,2.705437691061534,2
7.356879261474354,2.7113076601282042,6.613174282043953,2.2733800789865115,2
5.867354965083311,2.218438806074813,5.028548604059929,2.2085223916099195,2
7.506568109106214,3.258720981485597,6.073039811976361,1.7034050181202167,2
6.419973001938647,2.8144783628831296,5.619421131943228,1.838569760443237,2
6.912250296829299,3.029010273125023,5.639130417657208,1.7614188854092356,2
7.649620446113513,2.9717349966722457,6.3801104218187525,2.5002625210604816,2
6.8856111203056,3.078293042667759,5.531142452944229,1.9418341067547051,2
5.6952260749658965,2.775415389470073,4.858870979683331,1.877643386496329,2
5.449033453477435,2.3120634369973057,4.752867129895181,1.8699319767242852,2
7.107168947907157,3.180187533122999,5.668055390896085,2.5884909914670553,2
7.021213620114523,2.9513885581865136,5.942706639934622,2.583837812539194,2
5.998284636776611,3.0251253168197896,5.108408656357196,1.7487698914408956,2
6.687638741450532,3.0493212969477765,5.646127954014329,1.6964058544034861,2
6.519765913414238,3.1824014491685224,5.483554449821365,2.303693143929724,2
6.3661970170292514,3.178743905606195,5.2094424886727975,1.9173190294236904,2
6.485887823638354,2.437769296374244,5.621144489755198,1.7953506286872534,2
7.635912052729589,3.133189620759629,6.276867554893135,2.304485987101235,2
6.2284500269891785,2.3535278175541077,5.428062296755197,1.4171005520457398,2
7.232444317327916,3.320789995791871,6.329470267541154,2.022969313408476,2
6.404437895375979,2.797857645495437,5.160377620914748,1.73396111515594,2
5.776671188652482,2.716857300317218,4.8347635632022214,2.1024922283619287,2
6.3660015067467155,3.139553575034373,5.596430834125106,2.1255751325485877,2
6.73472158678538,2.765463157400151,5.681319783018354,1.8642762935710373,2
5.76026367796206,2.9402064920230417,5.310193637798542,1.744287226497438,2
6.228112020154726,3.0825065325411796,5.197576512012624,2.123863403894624,2
7.268575870074738,3.1605264166004514,6.170547929963699,2.3709913097508233,2
5.639583546797838,2.474509893357307,4.7875877873317485,1.8046509697503605,2
7.394739656059165,3.223295298411432,5.917306420713468,2.2388085494563823,2
6.912617110162575,3.057085969805481,5.725923202523056,2.3552705626072568,2
6.577525474577013,2.9125596136066894,5.186138196934649,1.6201642079474445,2
6.386026596852183,2.7558172579914126,5.6390021065286495,1.9687820125384081,2
6.7540291838331195,3.5794195158449367,5.194072426562799,1.9867710036236261,2
7.051055867997907,2.82947451675547,5.511391239109846,1.7842794788651395,2
7.202922302263492,3.2227370097197774,5.451642068055728,2.010339544792636,2
6.447906629473431,3.2879614502978756,5.6613270411963725,1.7674251250417445,2
6.4508941654084975,2.6707548027839274,5.642241930131382,1.7755255908966814,2
8.536311437208656,3.264996496506788,7.089459314402079,2.0854354752686217,2
7.727987753084599,3.69165391927017,6.689843002549241,2.4828009589988023,2
5.785474741076883,2.900429090736793,4.245961689975987,1.686525228458719,2
6.77217320648287,2.728220597317985,5.7081287592041585,2.3969140057356597,2
6.875527163939765,2.676637484086931,5.589828267911374,1.9014391145298342,2
6.498739985493646,3.3073437756023427,5.589195792145129,2.3684672347208324,2
7.942700021377339,3.4963299433401747,6.744053791799669,2.29926041400179,2
5.624167059683141,3.120074477870521,5.136533578014345,2.132094551362429,2
6.806783812320049,2.9112239478960733,5.8269475966076065,1.6802497536453562,2
6.627889875331338,2.8642020313603878,5.209607500614113,1.8433796910686733,2
7.077716888642971,2.884582668577202,5.750983982667183,1.7587404482264413,2
6.476237348084349,2.7769434776180124,4.861846948776737,1.9442032443662032,2
6.52378847621972,2.7899819866588027,5.554909526896792,1.9258663386882258,2
7.093895122912005,3.6496363340434765,6.415185696645131,2.429576975400903,2
7.192399302114764,2.943528505072871,6.231062146200207,2.355564067764295,2
6.762891749580548,3.1960522662478787,5.591213641778523,2.1968658095368583,2
6.395790893708839,2.6778033670646586,5.30380439964089,1.8902404607958907,2
6.228349261553058,3.0529797537457575,5.523311645134153,2.188451364996686,2
6.523313384949147,2.8902387404348295,5.568677388133654,2.405058133929366,2
7.151717037638514,3.1994882640348017,5.974295054433984,2.4220292095325515,2
6.240520551823564,3.207110420107533,5.126546433461293,2.0077369325178576,2
6.297385015007553,3.437873301076632,5.177158254418907,2.0514287988763846,2
6.8065314098019565,2.847807099602257,5.8411540677217975,2.190770376618172,2
6.408222507071197,3.0594460953079707,5.715148935385782,2.134249410183581,2
6.900413327721973,3.40007019969842,6.132628461936582,2.2149920259453815,2
7.100917404571607,3.2378125698957545,6.1183062033497055,2.4933313562940427,2
6.684129824283341,2.850824544476691,5.824634466353546,2.266706228224572,2
6.281324784777247,3.4219630045176133,5.338409487764048,2.3929613838464157,2
6.9810006398879665,2.8767021906337806,5.610708051948577,2.0205541009701227,2
7.0490576150660695,3.0950019329516096,5.7918285278768415,2.099367197646991,2
8.06044793494236,3.734170012258502,5.91151138670228,1.904790555408947,2
6.313966887944279,2.9833718782296086,5.370565652530965,1.975223954425521,2
6.598630608695567,3.3107697337295208,5.559003200324463,2.243114599188605,2
7.627250920444261,2.889965948568068,6.096744347705007,2.0454082887456995,2
6.41569863724106,3.2384987771780227,5.0460604434346585,2.225897186554884,2
5.4820069952233474,2.2536600124639894,4.965333074630752,1.6454023584136803,2
7.162672395149848,2.5944068859502107,6.289946390693167,1.7661325446936345,2
5.533017277530898,2.93391198080527,4.95950371607235,1.6823954738407259,2
6.902652101914729,3.0999464052522705,5.418163210222294,2.002160554710996,2
5.6331543880209685,3.021088636707283,4.921831526901469,1.6964525574736062,2
6.445319902253223,3.033817022088396,4.4404801910827825,2.3764211196063973,2
6.135555040029475,2.5728492713426556,4.869428467165094,2.05961221541331,2
5.8393637742002875,2.699480560556525,4.802431725607977,1.807712523057741,2
5.995644761460076,2.822480642200109,5.074190060595523,2.1247573754438025,2
6.672858677068548,2.5761789706705187,5.727557999213398,1.6554644302692885,2
7.595990431336682,3.1186736438227247,6.847051240426021,1.978296873148175,2
6.343136775187698,3.010119956051781,5.42674514733012,2.012405116037943,2
6.488241845307531,2.881779747456971,5.157268912226179,1.5722575338383444,2
5.901514872164715,3.275018747491809,4.700758130841771,2.3553437681085114,2
7.007122090773317,3.452726584643625,6.06424715266499,2.2318771140525184,2
6.618909255513409,2.934382942796938,5.246851374821999,1.425036205113518,2
5.493825489023247,2.699856252111164,4.5130264556607145,1.54385709358959,2
7.279709936921849,3.1680982413116276,5.935322762155829,2.0382338606106583,2
6.852761872732051,3.3106788352344183,6.167988977195522,2.1149824912747026,2
6.431058333043504,2.8045540447493016,5.539886311646217,1.9852368625960821,2
7.294698058343649,3.2851522087773404,5.980432439467874,2.337690249590354,2
7.468359910653731,3.20008567698611,6.546652506924005,2.136009683178843,2
6.036357730869423,2.9643934637186495,5.033417200150343,1.8540782332774315,2
7.075813245630586,3.2437324005912727,6.239424132845328,2.308777479747566,2
6.557497543544102,2.5523072213035656,6.06575560643288,1.8515055145274406,2
7.535042781971548,3.255359562136889,6.008020003548943,2.83566378856734,2
7.060016582852671,3.419707983977546,5.7919410907159925,2.427339596358153,2
7.063874437182699,2.885530618758149,5.988140145040765,2.288087794570648,2
6.623984351332424,2.8139772011783823,5.714934825864428,2.0833314427807643,2
6.9790553206491275,2.9657576020186154,5.898932279802025,2.0355705384470735,2
6.584345288890534,3.0552489169974986,6.107750796173393,2.302281260478588,2
5.596658897633552,2.5611191788677483,4.215099177156492,1.0497402027824936,2
6.659482510640885,3.1074588165869463,5.837980095065332,1.806454893997827,2
7.071123570261262,3.235421010733923,5.598797345900259,2.217027820638383,2
6.927300444171692,2.9865822030822526,6.379319150213088,1.8984524234206632,2
6.164046107111923,2.7960439541042863,4.787269409791645,2.111072330786451,2
6.309842861863988,2.993083724933557,4.910874004042437,2.1615558884808888,2
7.698138409177692,3.5193002906886357,6.752146645417339,2.4583252269822924,2
6.660739155884971,2.4320099212715034,5.513553931615148,2.0398711175402218,2
8.143560509227363,3.1752975745404948,6.9200867863170945,1.7750384500208378,2
7.281273494051936,2.9345311522111697,5.806950363779974,1.883838845662952,2
6.700612655230921,3.0682692192763956,5.05520817075201,1.4633262464826142,2
6.570694764215311,2.5830840802236112,5.718041523651589,1.6104114406639443,2
6.44964926737484,2.4563951478981423,5.495373879459322,1.8915395697656514,2
6.923543051852197,2.652486871034488,5.882348352312015,2.026293463032439,2
6.951959364685234,3.0945727636951847,5.727083296107442,2.0231805279853634,2
7.526898274589577,3.3000582195801793,6.334844303891707,1.926922227838419,2
7.181609034850656,3.2345455968118157,5.607730995503614,2.1815800703614414,2
6.095754144637975,2.5420193163010967,5.350267341972462,1.5919916971476393,2
5.926573751830407,2.3157097960548256,5.090641753634049,2.13328049829075,2
7.4556599911200525,2.657814416276592,6.456876706301257,1.981567267615306,2
7.027794012129957,2.9146808728944413,5.8608764607297825,1.7415030747375146,2
6.806588823137354,2.9191922373161527,5.759618222208392,1.977093531566513,2
6.322675050996905,2.997646446906171,5.377359144951435,2.0857027154934196,2
6.230925334290644,3.0727216641734305,5.474795330844441,2.206522986468568,2
6.606092981746824,2.6186418414887394,5.757657720343429,1.972377417218437,2
6.6431885134426425,3.255711326399122,5.73763815319959,1.948355087448498,2
6.172204113874772,2.462897599035992,4.668300822568177,1.7620751173290112,2
6.915873020938859,2.9860612498761867,5.557696073043415,2.288321179116103,2
6.487186871530429,2.3782873115336938,5.741862277266149,1.472926715634848,2
6.932511569001342,2.9254096706058563,5.620462990125686,1.948494948926009,2
6.00886531361329,2.9922553236847884,5.210776068199722,1.8779518113835605,2
6.480033479270812,3.1274575458574354,5.6211030959320984,2.1999738728862024,2
5.792352386619594,2.8859242974294217,4.03840182993439,1.79523814398513,2
7.751645674708644,3.333196394108847,6.794548123926215,2.4235392900607513,2
6.782365346662787,3.1050407164589227,5.470596720475228,2.3387830924596384,2
6.377081263708209,3.062270022566519,5.239506577369568,2.0235211352851974,2
5.931862449830812,2.6838243976672533,5.188080669334768,1.968139255456581,2
6.780273431865272,3.167830897572107,5.508495630218665,1.8863247137871308,2
6.501725650096713,2.5959727833117343,5.729459915697361,2.004113744222312,2
6.28358507373121,2.719234602994525,5.412556576655582,2.110094194676556,2
5.358455373837603,3.0881688736651696,4.436816745800185,2.038516436176773,2
5.931077642431646,2.846911673104057,5.200699627487887,2.353270555696731,2
6.043448938713611,2.8716988235903376,5.007997712119497,1.8714419662176616,2
5.536152923766789,2.585758499549774,4.8069269833830095,1.8571087815342997,2
7.485659488443691,3.5246752927569696,6.400385418444252,2.1306786930695734,2
6.863702019747128,3.08282145284198,5.797018318226528,2.3516285779718324,2
7.036837022853058,2.5680276375623134,5.608809457486158,1.9915234058040394,2
7.187016402140405,3.2520936162567895,6.22870978626474,2.093778088481892,2
6.4557896130269095,3.1672238354568227,5.462898015265485,1.7385858973831492,2
6.635895248456554,2.6782868017640804,5.813295493990499,1.8772851303070337,2
7.519323534211812,3.481500979981289,6.4120297332191765,1.771363047539398,2
6.982159515225356,3.359174754057967,5.6688484619961645,2.3358068753379735,2
6.297313080347114,2.7978175285204583,4.792251408860749,2.1188506905100875,2
6.269304755811,3.0289984435765995,5.632356177947493,2.1844676109369443,2
5.709527252397096,3.0018450639887595,5.14435299552506,2.024704332799568,2
5.693023349982024,3.099903827214899,5.278542760940869,2.329145506510028,2
7.046572395080364,2.7254895043126375,5.46020149844236,1.9220761504467976,2
5.9290654565123075,2.573370867014272,4.560042195085118,1.7541930102429308,2
6.98074668558764,3.088807886255602,5.84819137702127,2.2475488983518854,2
5.631927871754746,3.158341897123049,4.649742007168069,2.2444779303406897,2
7.702922699950699,2.973950977474888,6.577677779123974,2.0634119219292537,2
6.383509604978866,3.2952255452900654,5.465471916322164,1.913927537914169,2
6.017027851825563,3.289099742564395,5.48039930853961,2.5545769315057356,2
6.731450024668108,3.429306533027845,6.008568199661463,2.4775990138664046,2
5.755966390889203,2.647007801438021,5.087051130143751,1.9778601688656603,2
6.181247507986962,3.1640815948041445,5.336518929475337,2.1758744502576106,2
7.166299085025772,2.7361680674960143,6.188071540917987,1.8745970607470155,2
7.392896326922883,2.7447278651965434,6.634687321274014,2.0404091264035533,2
6.096189192719603,2.500344067503244,4.766569196535047,1.8205833350074703,2
6.5129251271736575,3.2864722848430663,5.604466635143822,2.11153855159835,2
6.445744528699768,3.0916045530867082,5.344079598706754,2.2282738441516807,2
7.463101042011197,2.834217635455061,5.826403608971358,1.6064804001534871,2
6.351981822122669,2.33900947739298,5.399414281539162,1.9438084080567721,2
6.641310248439518,3.422198129492659,6.01163744173158,1.6908252218729887,2
6.465152466160136,2.755018416002658,6.034166040643054,1.9208493773167699,2
6.5565576887173584,3.444944656176118,6.0102492384479085,2.2841962592816287,2
6.885862695430749,3.42669072805956,5.437777819499926,2.195124586339672,2
6.784762590823545,2.8990998220387167,6.093639383872405,1.692836096165014,2
6.547981310849813,3.429748612049582,5.14271253299482,2.3538520650210684,2
6.604208809933558,3.1119563725402277,5.563780808121027,1.9791531887602658,2
6.318314983093278,2.9832091273582084,5.097216914265293,1.8938266675460234,2
6.8852122573970735,2.706310702725016,5.811578584431604,2.035057169885601,2
7.012507946167827,3.2897351113768427,5.77872822618072,1.6585929537207122,2
6.89040386954424,3.2902124845764815,5.937220948555446,1.920813749483835,2
6.670374137487925,3.651847914658336,5.819214634880991,2.7719722054180913,2
5.777979526811531,2.683959358329961,5.004375213773082,1.6441440398990115,2
6.8650856621301894,2.7770782835431294,5.745679587672017,2.1913210362300157,2
6.105833406938105,2.829775290713529,5.187591613943091,2.199222563710377,2
6.43169132386142,3.373557168100195,5.496992901787133,2.182445899018488,2
6.149420479360757,2.9240783446804715,5.203608710687769,2.041801098705721,2
6.634231340900406,2.861054723288513,5.927111517399052,2.256012020964041,2
5.890288317120894,2.982485853637674,5.030558406312537,2.2638662414445605,2
7.859730982553218,3.667128531299071,6.254398263949401,2.250503808071765,2
6.391375249824813,2.595291050342806,5.315777968028954,1.8380754380587945,2
5.713468010663832,2.6703730678934603,4.5990252263935805,1.7185010683482558,2
6.596097139903898,2.818295586681631,5.405047092396013,1.3378044896273544,2
6.612977053964754,3.3885153307387523,5.239254099746252,1.9986074383425505,2
6.89962813338771,2.9156335190874416,5.381237123150434,1.9360443424692566,2
5.656201876001798,2.827085787096391,4.710612481279191,2.1069212049227253,2
6.761828411435277,3.137231283021144,6.021308994595321,2.2321841366508326,2
6.155095044985854,3.37959487762688,4.6389221596842845,2.222140822711428,2
6.612518081359909,3.22273186523489,5.532954495265851,1.98830551862095,2
6.852455116289658,2.807949906326571,5.935184964065122,2.005974897277763,2
6.742878407187582,3.182263196414359,6.014630805959477,2.388656671217097,2
6.877392759993187,3.1200860527202745,5.657876869839868,2.0921685468622107,2
7.26395707657014,3.2491760351270607,5.8396202484908954,1.9191270857514002,2
6.476352575603815,3.098415029831935,5.934756974156295,1.7623530387316322,2
6.745951257627232,3.0918557837159315,5.558818669686305,1.8654430925197467,2
7.364946499543901,3.325988283432268,6.0673795899164755,2.160984327679844,2
6.314033873736587,2.830957522220222,5.571497401436275,1.8133098771147593,2
6.6688000831183505,2.996948710644714,6.000941923976022,2.3332287191791465,2
5.994439817360041,2.3954181399823105,4.86474625030195,1.847594999715696,2
7.449335303536028,3.7756461551229044,6.253761438618811,2.530134604229719,2
7.176418870294246,3.018884419324272,5.830405938025798,1.9934981118267734,2
7.69643326303323,3.4183147651978563,6.247246536792521,1.9541337295586105,2
6.303629903929056,2.4681267667826643,5.476867819800121,1.7508107122061236,2
7.264944422838491,2.9247581934730844,6.42444594460224,1.9159244368106043,2
6.915067683073178,3.266927043487877,5.974550585322213,2.15367410722308,2
6.727791662886935,2.8717921423058583,5.380355580814334,1.8070554225792468,2
5.463228664843305,2.238277349341787,5.218462039407969,1.2511780998411735,2
6.899673019861249,2.7034077587001657,5.697395287365539,1.6872708958222704,2
7.818146258589596,3.280426495082615,6.803401176059964,1.8697449385853904,2
6.465589294495004,3.135986438771758,5.5591362718224,2.4532003775487228,2
7.401926015433039,3.2742154933810923,5.565470351094002,1.9292740058370061,2
6.194173627501584,3.2741907446096548,5.21215246321912,1.966318301524477,2
7.8102288365199435,2.8481578694949805,6.142451966772498,1.9819915909196046,2
7.316801336715656,3.0673056992613486,6.026701234562186,2.069331535944311,2
6.973979518351854,3.374628481477383,6.08228740800055,2.460005889873776,2
5.291394955332115,2.5693129493677738,4.87406991875265,1.7178695190192035,2
5.678022368152656,2.8573348129516494,4.430699307016823,2.1501634703288866,2
7.186257514936258,3.48287321394338,5.895521402208742,2.3339337319486364,2
7.491219471442683,3.020321148469247,6.081054177997484,1.4760239510928108,2
7.226011117321134,3.363719517737797,5.783147529613958,2.210651290924716,2
6.0362953665877574,2.6343593562747105,5.574187849116507,1.8963808803381212,2
6.2774594390445415,2.840380509479136,5.371499534180942,1.7487843502132063,2
5.284322934083854,2.4540873660811338,4.136623042049243,1.0876214567232623,2
7.042234136988252,3.5728977564274245,6.033121163268776,2.65499084231649,2
6.256309313795565,2.9460946362092044,5.487051817268874,1.9366142367385826,2
8.269842246685748,3.148491553213845,6.971499818918621,2.2776856946167214,2
6.812146391701006,2.830104183604553,5.42756964685129,1.6342132239494365,2
6.425805951539266,3.0470215684800137,5.416265358825909,2.2569768484692387,2
5.9631636696562555,3.0726156013112567,5.251655634598145,2.066503920313591,2
6.200256087090674,2.85289763986371,5.214430985363402,1.8943728810564613,2
6.954695645567737,3.0009180001943947,5.7263054792177375,2.3510724020868468,2
6.003815442413049,2.8617715790486553,5.33355085722964,1.9751865792188952,2
7.681126452374304,2.992622277473378,6.412814761111887,2.3441300866551487,2
6.75585324182252,2.991519780389226,5.883088547244885,1.8929225985964555,2
7.31457996315466,2.919748768620639,6.308304996904809,1.85395919549438,2
